Variant,UserId,SessionId,casino_spins,bet_placed,stake_changed,bc_cancelled,first_ts,total_actions,State
Dark,0192cc80-656c-46f4-a092-118f895b5162,42268c7f-79c4-47ab-9ddc-65837c313eea,0,2,4,0,2026-05-15 19:06:56.872312+00:00,2,Scăzut
Dark,0192cc80-656c-46f4-a092-118f895b5162,7ad93564-de73-4b02-993a-1d5cef0b45cb,0,1,2,0,2026-05-17 21:30:33.149959+00:00,1,Scăzut
Dark,0192cc80-656c-46f4-a092-118f895b5162,7192c335-d66e-45e6-8bd9-7b762d4de9df,0,3,4,0,2026-05-19 08:09:42.458933+00:00,3,Moderat
Dark,0192cc80-656c-46f4-a092-118f895b5162,2397bd18-95b7-4197-bb4d-a7dd2a34ac36,0,3,4,0,2026-05-19 22:01:32.938863+00:00,3,Moderat
Ethical,0192cc80-656c-46f4-a092-118f895b5162,a2fa7c5c-9c63-40d2-95de-8bce015ba92f,0,2,6,1,2026-05-25 21:25:53.335844+00:00,2,Scăzut
Ethical,0192cc80-656c-46f4-a092-118f895b5162,af118b90-c31a-44f4-96e3-e1fb95900831,0,4,8,0,2026-05-28 21:59:11.730859+00:00,4,Moderat
Ethical,0192cc80-656c-46f4-a092-118f895b5162,b0602c38-8946-42ff-8dab-e426ee7e8ee1,0,1,2,0,2026-05-29 19:00:46.354109+00:00,1,Scăzut
Ethical,0192cc80-656c-46f4-a092-118f895b5162,f677d23f-c5da-457e-8082-d75f40e90fe9,0,2,4,0,2026-05-29 20:31:44.014794+00:00,2,Scăzut
Ethical,0192cc80-656c-46f4-a092-118f895b5162,99db1141-5e4a-4a8f-976f-8ae6b395fe7a,0,1,2,0,2026-05-30 11:37:52.235907+00:00,1,Scăzut
Dark,223f3159-6beb-4f7e-a535-707daa1a2f44,a2a990fc-78bb-4aa0-9f06-f03f5a50284d,15,4,8,0,2026-05-25 15:04:27.156483+00:00,19,Intens
Dark,223f3159-6beb-4f7e-a535-707daa1a2f44,efb80b80-a140-47f1-9e3f-4938e608f2a2,21,0,0,0,2026-05-25 18:19:48.411150+00:00,21,Intens
Dark,223f3159-6beb-4f7e-a535-707daa1a2f44,15fcb91a-4e07-4891-82fe-6f1a1f115f24,14,1,2,0,2026-05-26 19:17:40.033406+00:00,15,Ridicat
Dark,223f3159-6beb-4f7e-a535-707daa1a2f44,bf106eb3-f3ad-42f0-8126-509595bb7b3d,49,5,6,0,2026-05-27 17:40:03.209908+00:00,54,Intens
Dark,223f3159-6beb-4f7e-a535-707daa1a2f44,5537ad8c-a73d-4c37-b072-863c5f89d73e,47,1,0,0,2026-05-27 21:24:52.107984+00:00,48,Intens
Dark,223f3159-6beb-4f7e-a535-707daa1a2f44,285a6f88-63c1-4331-80fd-0fb2a4db2fd7,15,0,0,0,2026-05-28 22:20:44.774684+00:00,15,Ridicat
Ethical,223f3159-6beb-4f7e-a535-707daa1a2f44,baf69c81-1c3d-4eda-9f23-d7a7d7838306,8,0,0,0,2026-05-15 21:00:15.837744+00:00,8,Ridicat
Ethical,223f3159-6beb-4f7e-a535-707daa1a2f44,1f430a43-b239-4f72-bb5a-6a786677b1a8,11,0,0,0,2026-05-15 22:31:19.291289+00:00,11,Ridicat
Ethical,223f3159-6beb-4f7e-a535-707daa1a2f44,634b2c8e-0ff9-4d85-b269-eca93050df61,0,2,6,1,2026-05-18 21:42:24.087373+00:00,2,Scăzut
Ethical,223f3159-6beb-4f7e-a535-707daa1a2f44,1452e172-2dd6-49c7-b73b-19508e2fda5e,0,2,4,0,2026-05-20 18:02:46.735283+00:00,2,Scăzut
Ethical,223f3159-6beb-4f7e-a535-707daa1a2f44,256dd429-16cb-4433-a658-dcaba416f58a,0,4,12,2,2026-05-21 18:20:03.067272+00:00,4,Moderat
Dark,27449488-f645-4afb-8574-6a2a866b48f4,279c92e0-88aa-4760-9413-a10726ade2fa,3,4,8,0,2026-05-24 18:25:50.392282+00:00,7,Ridicat
Dark,27449488-f645-4afb-8574-6a2a866b48f4,9b345096-d2c3-44cc-b7be-1c853d04463b,38,2,3,0,2026-05-27 18:20:32.977498+00:00,40,Intens
Dark,27449488-f645-4afb-8574-6a2a866b48f4,04460e27-fd61-4bd3-87b4-3a0caca69e21,7,0,0,0,2026-05-28 20:26:43.996624+00:00,7,Ridicat
Dark,27449488-f645-4afb-8574-6a2a866b48f4,2877c2df-93b9-4fed-8d3d-384d473d6bd1,0,3,4,0,2026-05-29 16:58:52.103837+00:00,3,Moderat
Dark,27449488-f645-4afb-8574-6a2a866b48f4,a77709f3-46b7-4e76-8d7b-9322a1365a06,13,0,0,0,2026-05-30 20:49:24.935734+00:00,13,Ridicat
Ethical,27449488-f645-4afb-8574-6a2a866b48f4,4d08ecca-54a3-43e0-aa8e-6fa864265f9f,4,1,2,0,2026-05-20 22:35:20.445588+00:00,5,Ridicat
Dark,36aaad1d-8604-4a99-a4a7-f03b15e839df,e65db2d9-fa1f-4b29-b04f-bd443d46cc19,0,0,0,0,2026-05-24 11:42:14.588271+00:00,0,Scăzut
Dark,36aaad1d-8604-4a99-a4a7-f03b15e839df,aab8b358-8d22-4d52-889b-877c2cf5c937,15,0,0,0,2026-05-24 20:43:31.627693+00:00,15,Ridicat
Dark,36aaad1d-8604-4a99-a4a7-f03b15e839df,9cdfff0c-c2a1-4157-b11e-0a57031a2b72,13,0,0,0,2026-05-27 20:53:24.857785+00:00,13,Ridicat
Dark,36aaad1d-8604-4a99-a4a7-f03b15e839df,b378050e-cb78-4f6d-8789-ba8dd7ff025f,6,1,2,0,2026-05-30 16:50:00.141326+00:00,7,Ridicat
Ethical,36aaad1d-8604-4a99-a4a7-f03b15e839df,c7030fac-a9cf-41ff-abda-6bf6c072ac14,0,1,2,0,2026-05-15 16:44:18.240097+00:00,1,Scăzut
Ethical,36aaad1d-8604-4a99-a4a7-f03b15e839df,640e75f9-ee2f-4899-a475-3d2f5f82c8f8,0,1,2,0,2026-05-15 20:34:06.945083+00:00,1,Scăzut
Ethical,36aaad1d-8604-4a99-a4a7-f03b15e839df,d32b0b78-1e81-459e-8811-6bcd0c444d51,0,1,2,0,2026-05-16 19:02:29.950315+00:00,1,Scăzut
Ethical,36aaad1d-8604-4a99-a4a7-f03b15e839df,8124cab8-f7e4-4fc8-953a-8b3a477c4542,0,0,0,0,2026-05-16 20:48:17.195363+00:00,0,Scăzut
Ethical,36aaad1d-8604-4a99-a4a7-f03b15e839df,ffc54c98-83a0-47d2-9b07-03d094da482a,0,1,2,0,2026-05-17 19:39:14.809427+00:00,1,Scăzut
Ethical,36aaad1d-8604-4a99-a4a7-f03b15e839df,a4e3ec6a-4e5d-4d9c-bebc-95a58ea051e5,0,0,0,0,2026-05-20 17:43:58.525513+00:00,0,Scăzut
Ethical,36aaad1d-8604-4a99-a4a7-f03b15e839df,ade8dbcb-623c-4b30-b74b-5feb4ffa3d14,0,2,4,0,2026-05-21 17:08:09.206038+00:00,2,Scăzut
Dark,36e9cf9e-9437-4894-9ae5-595d95117bc1,be521c00-7176-484e-af15-497e81e1bc90,4,0,0,0,2026-05-17 18:42:35.499570+00:00,4,Moderat
Dark,36e9cf9e-9437-4894-9ae5-595d95117bc1,71df90e1-635c-4672-b27e-7850733c029e,8,2,4,0,2026-05-19 18:01:19.169767+00:00,10,Ridicat
Ethical,36e9cf9e-9437-4894-9ae5-595d95117bc1,91684374-4ccd-46a1-aea9-a74a943d89ce,0,1,2,0,2026-05-26 20:15:14.619675+00:00,1,Scăzut
Ethical,36e9cf9e-9437-4894-9ae5-595d95117bc1,d6e09274-b400-40f5-a2c7-9410b67283b6,0,2,6,1,2026-05-26 21:50:18.740874+00:00,2,Scăzut
Ethical,36e9cf9e-9437-4894-9ae5-595d95117bc1,4f2c9e0e-0c4b-451d-8f44-30cb881f85ff,0,3,6,0,2026-05-28 12:01:25.700827+00:00,3,Moderat
Ethical,36e9cf9e-9437-4894-9ae5-595d95117bc1,dc29fd87-d1c7-4f63-9e53-21101b907b0a,0,3,6,0,2026-05-29 13:28:15.264201+00:00,3,Moderat
Ethical,36e9cf9e-9437-4894-9ae5-595d95117bc1,394e325d-1a39-41e1-b17f-da372ed29026,0,2,4,0,2026-05-30 20:14:01.885296+00:00,2,Scăzut
Dark,3d2fb460-6aa3-4d4a-b52c-880aa756dda1,ee715482-7b06-45b4-a3de-1e6bc1856445,0,4,6,0,2026-05-16 19:54:39.172252+00:00,4,Moderat
Dark,3d2fb460-6aa3-4d4a-b52c-880aa756dda1,2970b23d-88a0-4885-916e-949ae65503c7,23,5,6,0,2026-05-18 22:42:49.078795+00:00,28,Intens
Dark,3d2fb460-6aa3-4d4a-b52c-880aa756dda1,20cb07a1-9638-4bb0-9cac-1fe5b7dd9e95,0,4,6,0,2026-05-20 16:27:56.299100+00:00,4,Moderat
Ethical,3d2fb460-6aa3-4d4a-b52c-880aa756dda1,a0ad9898-99e0-4d4b-9d38-7a7543fa1bed,0,1,2,0,2026-05-24 17:20:36.588273+00:00,1,Scăzut
Ethical,3d2fb460-6aa3-4d4a-b52c-880aa756dda1,0558d36e-88a2-4b70-8db6-ba7550c8eda8,0,1,4,1,2026-05-24 18:08:27.418919+00:00,1,Scăzut
Ethical,3d2fb460-6aa3-4d4a-b52c-880aa756dda1,e39eab47-1c67-4bfd-ab01-c9c3566d59ea,0,1,2,0,2026-05-25 16:19:42.364170+00:00,1,Scăzut
Ethical,3d2fb460-6aa3-4d4a-b52c-880aa756dda1,26488696-eedd-46ab-a4f6-9b71a05b75b3,2,0,0,0,2026-05-25 16:31:44.140124+00:00,2,Scăzut
Ethical,3d2fb460-6aa3-4d4a-b52c-880aa756dda1,34cf1c30-d018-438f-b747-47e6c9bcca57,0,2,4,0,2026-05-26 11:29:08.914988+00:00,2,Scăzut
Ethical,3d2fb460-6aa3-4d4a-b52c-880aa756dda1,386a8223-ece0-4a2e-8beb-e0c983a767fb,0,2,4,0,2026-05-26 12:35:57.889627+00:00,2,Scăzut
Ethical,3d2fb460-6aa3-4d4a-b52c-880aa756dda1,4923dbc5-5fd7-4e29-958c-13f93a369837,0,2,6,1,2026-05-27 19:52:39.635847+00:00,2,Scăzut
Ethical,3d2fb460-6aa3-4d4a-b52c-880aa756dda1,7e0c68f6-3df8-4cb3-9d39-a194ab9f4a84,10,1,2,0,2026-05-27 20:15:09.861480+00:00,11,Ridicat
Ethical,3d2fb460-6aa3-4d4a-b52c-880aa756dda1,e310c50d-a3ce-4c96-bc79-3584fa93015f,8,0,0,0,2026-05-29 17:57:05.386107+00:00,8,Ridicat
Ethical,3d2fb460-6aa3-4d4a-b52c-880aa756dda1,ff3afeae-4ba1-4174-9159-d5a690ab28c8,0,1,2,0,2026-05-29 19:37:30.200443+00:00,1,Scăzut
Ethical,3d2fb460-6aa3-4d4a-b52c-880aa756dda1,49f13f3e-6aef-453b-8253-6b36c86cf833,0,2,4,0,2026-05-30 11:10:49.774569+00:00,2,Scăzut
Ethical,3d2fb460-6aa3-4d4a-b52c-880aa756dda1,f10093f2-6e8a-40cf-a4e8-553b1b7feaef,0,1,2,0,2026-05-30 11:44:43.844713+00:00,1,Scăzut
Dark,3db6425f-73e7-4f7f-ab88-1134e097fd5b,f9935a8d-7773-443c-b6e9-83a49c5b72ae,0,3,3,0,2026-05-25 13:18:15.726583+00:00,3,Moderat
Dark,3db6425f-73e7-4f7f-ab88-1134e097fd5b,22c6879f-8840-4fb5-aa3c-c63f4ca20b4e,7,1,0,0,2026-05-25 21:34:38.048466+00:00,8,Ridicat
Dark,3db6425f-73e7-4f7f-ab88-1134e097fd5b,81577602-b78d-4955-aea6-12c449021ee0,0,2,4,0,2026-05-26 17:16:28.431566+00:00,2,Scăzut
Dark,3db6425f-73e7-4f7f-ab88-1134e097fd5b,6d222111-07d9-49f7-9bfb-80290b50df06,18,4,4,0,2026-05-27 12:51:13.557946+00:00,22,Intens
Dark,3db6425f-73e7-4f7f-ab88-1134e097fd5b,7a915f60-46f4-4dc3-b430-8eff47deb18f,21,3,4,0,2026-05-27 19:37:50.514205+00:00,24,Intens
Dark,3db6425f-73e7-4f7f-ab88-1134e097fd5b,9155a2c0-cb30-418d-8765-95974233d2a4,0,1,0,0,2026-05-28 19:43:41.553556+00:00,1,Scăzut
Dark,3db6425f-73e7-4f7f-ab88-1134e097fd5b,c3b179a8-f2f0-4a4c-8f5c-af99054f937b,0,4,6,0,2026-05-29 16:00:28.812732+00:00,4,Moderat
Dark,3db6425f-73e7-4f7f-ab88-1134e097fd5b,3a1ffda0-3e44-4dbf-9051-9c70e7a547c3,0,1,2,0,2026-05-29 21:27:16.380944+00:00,1,Scăzut
Ethical,3db6425f-73e7-4f7f-ab88-1134e097fd5b,18ee92d6-9432-4c14-bc39-4748c7d96cdc,8,0,0,0,2026-05-15 17:24:36.097010+00:00,8,Ridicat
Ethical,3db6425f-73e7-4f7f-ab88-1134e097fd5b,e554205f-3912-44aa-8ab7-347d471c2618,0,2,4,0,2026-05-18 12:12:26.788831+00:00,2,Scăzut
Ethical,3db6425f-73e7-4f7f-ab88-1134e097fd5b,17bfccbe-d06e-4117-94f0-db509d88a4df,0,0,0,0,2026-05-18 13:33:58.218839+00:00,0,Scăzut
Ethical,3db6425f-73e7-4f7f-ab88-1134e097fd5b,d7071c63-b004-4c2a-93e9-f3318ae13fce,0,2,4,0,2026-05-19 18:03:31.617114+00:00,2,Scăzut
Ethical,3db6425f-73e7-4f7f-ab88-1134e097fd5b,dce7607b-ef4a-41f6-b9a0-c7aa34f7df49,2,0,0,0,2026-05-20 19:32:21.105239+00:00,2,Scăzut
Dark,4500baff-cb06-46d3-ba87-68cc617bde5f,2486ecb3-46bb-4605-a2d4-ec25584628f9,0,1,0,0,2026-05-17 18:22:06.342233+00:00,1,Scăzut
Dark,4500baff-cb06-46d3-ba87-68cc617bde5f,ad7e646e-f008-4cc0-b4b7-e916c78cda40,15,5,2,0,2026-05-19 16:28:38.966783+00:00,20,Intens
Dark,4500baff-cb06-46d3-ba87-68cc617bde5f,0c91e2eb-6716-463d-9632-5a8dbdf63a66,22,0,0,0,2026-05-20 17:29:02.965589+00:00,22,Intens
Ethical,4500baff-cb06-46d3-ba87-68cc617bde5f,1ccad236-eb2c-4c42-aa91-1ce8bd37d0b9,0,5,10,0,2026-05-24 19:47:46.108679+00:00,5,Ridicat
Ethical,4500baff-cb06-46d3-ba87-68cc617bde5f,e90220c6-1b40-4579-bd7b-b254406e944f,0,4,8,0,2026-05-24 21:34:42.609183+00:00,4,Moderat
Ethical,4500baff-cb06-46d3-ba87-68cc617bde5f,f838d811-c605-4107-bba5-ee3993120891,0,1,2,0,2026-05-26 17:09:33.823231+00:00,1,Scăzut
Ethical,4500baff-cb06-46d3-ba87-68cc617bde5f,f3b45c76-f7a1-4503-b6cd-5904462829b6,0,1,2,0,2026-05-26 17:12:45.803140+00:00,1,Scăzut
Ethical,4500baff-cb06-46d3-ba87-68cc617bde5f,0c2275f8-b767-4fb7-b439-8d8fec8f9018,3,2,4,0,2026-05-28 12:51:24.678759+00:00,5,Ridicat
Ethical,4500baff-cb06-46d3-ba87-68cc617bde5f,4cc70498-283c-448c-9fd2-9750d77dc4ab,0,4,8,0,2026-05-28 19:42:01.301610+00:00,4,Moderat
Ethical,4500baff-cb06-46d3-ba87-68cc617bde5f,0c9eb1fa-3f7c-4e8d-bc57-1953b5f7eafe,7,0,0,0,2026-05-29 21:22:49.041308+00:00,7,Ridicat
Ethical,4500baff-cb06-46d3-ba87-68cc617bde5f,6efbbb83-b8e7-4843-b5f0-1ab00e73c14d,0,1,2,0,2026-05-30 13:45:36.414091+00:00,1,Scăzut
Ethical,4500baff-cb06-46d3-ba87-68cc617bde5f,d654bef1-75a8-414d-a39d-72c6cddce7b5,0,6,12,0,2026-05-30 16:15:34.633317+00:00,6,Ridicat
Dark,5717abd6-5f8a-465f-a412-2a5bfa11c564,e6750ad9-59df-48bc-bc52-d375ff1b572a,0,4,6,0,2026-05-18 22:00:07.624265+00:00,4,Moderat
Ethical,5717abd6-5f8a-465f-a412-2a5bfa11c564,1890d9c4-1a99-4c6d-ba61-6a738a44975d,3,1,2,0,2026-05-24 19:27:23.617189+00:00,4,Moderat
Ethical,5717abd6-5f8a-465f-a412-2a5bfa11c564,d5d6a27e-56ad-4011-a792-5f0d827be0a4,0,0,2,1,2026-05-29 21:33:53.968378+00:00,0,Scăzut
Ethical,5717abd6-5f8a-465f-a412-2a5bfa11c564,8e6d83cb-fe8d-4276-bdc8-71e74564fe19,0,1,2,0,2026-05-30 14:32:40.667263+00:00,1,Scăzut
Dark,5be41bbb-503a-4a8c-a513-682f63de00a5,f6b2041c-37a0-4a07-ab73-195d3dc30e2e,11,1,2,0,2026-05-25 18:30:01.251985+00:00,12,Ridicat
Dark,5be41bbb-503a-4a8c-a513-682f63de00a5,1c82643b-b910-4161-a71a-75f09c4fa326,0,1,2,0,2026-05-26 18:15:29.292746+00:00,1,Scăzut
Ethical,5be41bbb-503a-4a8c-a513-682f63de00a5,909bca16-60ce-4abd-9323-598919903452,0,2,4,0,2026-05-17 14:39:19.150422+00:00,2,Scăzut
Ethical,5be41bbb-503a-4a8c-a513-682f63de00a5,6b549a23-0b55-4fd3-b390-fb6cb2e49b37,0,0,0,0,2026-05-17 14:45:53.560463+00:00,0,Scăzut
Ethical,5be41bbb-503a-4a8c-a513-682f63de00a5,801a3680-e7ec-4a61-80ef-61408fb36b6c,0,1,2,0,2026-05-19 18:22:34.859296+00:00,1,Scăzut
Dark,6256d4b2-a7ef-479a-9793-0c1735f25e85,96fae80f-d3d4-460b-b65a-d1173799f388,0,0,0,0,2026-05-24 12:36:43.456730+00:00,0,Scăzut
Dark,6256d4b2-a7ef-479a-9793-0c1735f25e85,127fd932-0834-4ccb-bdf5-b8cce4480d8d,0,2,2,0,2026-05-24 23:36:03.540773+00:00,2,Scăzut
Dark,6256d4b2-a7ef-479a-9793-0c1735f25e85,8870c076-dbb7-48d1-a289-78296df81887,0,0,0,0,2026-05-25 19:05:16.471014+00:00,0,Scăzut
Dark,6256d4b2-a7ef-479a-9793-0c1735f25e85,83cd917c-815b-4aa6-8ef1-882786b6f0bf,5,0,0,0,2026-05-29 18:59:21.161058+00:00,5,Ridicat
Ethical,6256d4b2-a7ef-479a-9793-0c1735f25e85,46ec6570-6e60-413a-aa2e-4bdf7e84a330,0,2,4,0,2026-05-17 18:57:53.620805+00:00,2,Scăzut
Dark,6b0900c8-6e37-4b5e-82cb-0a054540c6c3,9d50d4b5-39cc-491b-99f1-1b6c61a6e095,21,4,4,0,2026-05-15 08:06:29.147930+00:00,25,Intens
Dark,6b0900c8-6e37-4b5e-82cb-0a054540c6c3,cccbcae1-5e1d-443e-8a23-853908841578,0,0,0,0,2026-05-15 22:34:29.972592+00:00,0,Scăzut
Dark,6b0900c8-6e37-4b5e-82cb-0a054540c6c3,3e12b5c4-6405-4ed6-9c6a-a1bb3576dd98,24,2,4,0,2026-05-16 20:56:31.739793+00:00,26,Intens
Dark,6b0900c8-6e37-4b5e-82cb-0a054540c6c3,5b741ac8-4d58-4673-9495-0532284c823f,30,0,0,0,2026-05-17 20:47:03.827233+00:00,30,Intens
Dark,6b0900c8-6e37-4b5e-82cb-0a054540c6c3,3666bf00-024b-4614-be66-137fabd01f14,0,4,4,0,2026-05-18 21:32:58.197813+00:00,4,Moderat
Dark,6b0900c8-6e37-4b5e-82cb-0a054540c6c3,33289fa4-3f41-4b10-b784-fe8c8ba054fa,12,1,0,0,2026-05-20 17:55:21.847249+00:00,13,Ridicat
Dark,6b0900c8-6e37-4b5e-82cb-0a054540c6c3,dd4c475c-cf78-47ad-bcc6-117538d3c20d,36,1,0,0,2026-05-20 22:15:31.953493+00:00,37,Intens
Dark,6b0900c8-6e37-4b5e-82cb-0a054540c6c3,0bb4a571-632d-4b79-8770-8aa466772479,7,5,8,0,2026-05-21 20:42:58.481586+00:00,12,Ridicat
Ethical,6b0900c8-6e37-4b5e-82cb-0a054540c6c3,82854dc5-779c-425e-9331-5090c24f106d,0,1,2,0,2026-05-28 20:39:47.357423+00:00,1,Scăzut
Ethical,6b0900c8-6e37-4b5e-82cb-0a054540c6c3,b27d313c-2a2d-4ef5-a223-d0850cb9d343,0,2,4,0,2026-05-30 18:56:28.605788+00:00,2,Scăzut
Dark,6dbe7567-822c-4848-8772-826ffb43a6a0,9f64622b-a11c-4079-9ae3-c46a9460d883,0,4,8,0,2026-05-15 17:37:52.027674+00:00,4,Moderat
Dark,6dbe7567-822c-4848-8772-826ffb43a6a0,c6292da2-723a-4710-8582-4e0135a787f7,49,0,0,0,2026-05-16 13:33:20.726767+00:00,49,Intens
Dark,6dbe7567-822c-4848-8772-826ffb43a6a0,06e27c85-c39d-4253-9afa-5376852200ec,25,4,6,0,2026-05-16 22:21:47.264573+00:00,29,Intens
Dark,6dbe7567-822c-4848-8772-826ffb43a6a0,71522277-5515-4db8-acb7-f31405a7e725,0,2,4,0,2026-05-17 20:15:54.020353+00:00,2,Scăzut
Dark,6dbe7567-822c-4848-8772-826ffb43a6a0,2861af54-3ad0-431c-920d-8df6cf506b1e,23,1,2,0,2026-05-18 17:01:33.934814+00:00,24,Intens
Dark,6dbe7567-822c-4848-8772-826ffb43a6a0,e884d62e-8aff-4969-8156-5152ddb25263,0,0,0,0,2026-05-18 18:30:55.584956+00:00,0,Scăzut
Dark,6dbe7567-822c-4848-8772-826ffb43a6a0,1c06185b-c843-45f6-98d5-b97aaa169e80,29,4,8,0,2026-05-20 20:40:31.652143+00:00,33,Intens
Dark,6dbe7567-822c-4848-8772-826ffb43a6a0,697cf59c-7310-4686-8e38-f961dd69a7ce,15,2,2,0,2026-05-21 20:46:21.251310+00:00,17,Intens
Ethical,6dbe7567-822c-4848-8772-826ffb43a6a0,895ef9b6-a258-480d-8c17-22526600790a,0,2,4,0,2026-05-26 15:38:13.889682+00:00,2,Scăzut
Ethical,6dbe7567-822c-4848-8772-826ffb43a6a0,bec86e04-6dd5-43c4-bde9-16086c650f92,17,0,0,0,2026-05-27 10:51:33.302476+00:00,17,Intens
Ethical,6dbe7567-822c-4848-8772-826ffb43a6a0,685f4f31-9a79-41cd-b958-be1316a384eb,4,1,2,0,2026-05-28 19:30:39.521972+00:00,5,Ridicat
Ethical,6dbe7567-822c-4848-8772-826ffb43a6a0,3933e8b5-f2de-4d84-9cc9-348b967055ad,9,0,0,0,2026-05-30 13:05:07.041069+00:00,9,Ridicat
Ethical,6dbe7567-822c-4848-8772-826ffb43a6a0,49a5284c-71ad-4849-a9fd-1b53b7893bc5,0,2,4,0,2026-05-30 20:06:10.105345+00:00,2,Scăzut
Dark,6f93687d-542d-42aa-9495-bb579b2a193e,4a238f1f-6a30-402d-a5fa-825fb8ef7866,0,0,0,0,2026-05-24 11:30:35.018574+00:00,0,Scăzut
Dark,6f93687d-542d-42aa-9495-bb579b2a193e,b0aae049-19ce-4972-93f1-11d49ded2538,19,1,3,0,2026-05-25 20:33:50.427073+00:00,20,Intens
Dark,6f93687d-542d-42aa-9495-bb579b2a193e,6898d032-b1f9-49bc-92b9-186d44f9749b,0,0,0,0,2026-05-27 14:54:04.211618+00:00,0,Scăzut
Dark,6f93687d-542d-42aa-9495-bb579b2a193e,c413628b-7421-49c5-9df1-3209d2d9d22b,18,3,6,0,2026-05-29 18:53:42.847386+00:00,21,Intens
Ethical,6f93687d-542d-42aa-9495-bb579b2a193e,8d10d352-738d-4e60-ba21-6132643f839a,0,1,4,1,2026-05-20 20:30:32.238649+00:00,1,Scăzut
Dark,707a0648-f3ca-4d06-9b48-dab8e2a8b5af,1177b591-4c5e-47b0-ac9c-27c598fadbe5,69,5,6,0,2026-05-15 12:31:39.560595+00:00,74,Intens
Dark,707a0648-f3ca-4d06-9b48-dab8e2a8b5af,dc232752-a6f0-4dfd-862f-ae4af12f3257,99,4,4,0,2026-05-15 20:33:09.154475+00:00,103,Intens
Dark,707a0648-f3ca-4d06-9b48-dab8e2a8b5af,57c1e0ef-4b9e-4b7d-8590-c0e1d7bfe8ca,2,7,11,0,2026-05-16 17:51:30.178782+00:00,9,Ridicat
Dark,707a0648-f3ca-4d06-9b48-dab8e2a8b5af,5692d744-e534-4685-ba05-4d8b4d6c8560,0,0,0,0,2026-05-16 18:13:36.820936+00:00,0,Scăzut
Dark,707a0648-f3ca-4d06-9b48-dab8e2a8b5af,68b72e49-2250-4b57-9e0d-ff3c4f15bac9,3,6,2,0,2026-05-17 14:20:28.633658+00:00,9,Ridicat
Dark,707a0648-f3ca-4d06-9b48-dab8e2a8b5af,6d0225b4-e58c-4787-840f-c7dfe95c0310,47,0,0,0,2026-05-17 18:18:52.523088+00:00,47,Intens
Dark,707a0648-f3ca-4d06-9b48-dab8e2a8b5af,7f49a933-4d1f-47e4-9817-73dc71550616,23,0,0,0,2026-05-19 21:24:36.276420+00:00,23,Intens
Dark,707a0648-f3ca-4d06-9b48-dab8e2a8b5af,1987be33-5230-432d-a836-23271e250816,0,3,4,0,2026-05-20 18:14:15.561118+00:00,3,Moderat
Dark,707a0648-f3ca-4d06-9b48-dab8e2a8b5af,c9458778-68da-4dbd-af2d-eb9922f2dcb3,31,7,6,0,2026-05-20 21:03:01.553933+00:00,38,Intens
Ethical,707a0648-f3ca-4d06-9b48-dab8e2a8b5af,f696977e-4eef-4d7d-9e21-eedd89961703,12,0,0,0,2026-05-24 17:06:34.964497+00:00,12,Ridicat
Ethical,707a0648-f3ca-4d06-9b48-dab8e2a8b5af,738d18c1-27ae-42ae-9d61-e71a6b4e92bb,12,1,2,0,2026-05-24 20:01:48.289779+00:00,13,Ridicat
Ethical,707a0648-f3ca-4d06-9b48-dab8e2a8b5af,309e8d3b-1c7e-459a-957c-f88dabc97083,0,1,2,0,2026-05-25 20:44:16.321575+00:00,1,Scăzut
Ethical,707a0648-f3ca-4d06-9b48-dab8e2a8b5af,cb5f9f42-225a-4652-91de-a95b256829ec,0,5,10,0,2026-05-25 20:54:39.527759+00:00,5,Ridicat
Ethical,707a0648-f3ca-4d06-9b48-dab8e2a8b5af,50e60d65-c31f-44da-9e28-0dd18cdf98ab,0,2,6,1,2026-05-26 21:38:56.867730+00:00,2,Scăzut
Ethical,707a0648-f3ca-4d06-9b48-dab8e2a8b5af,5fdab7af-4f51-4b93-aaec-67f424aa1634,0,1,2,0,2026-05-27 17:34:33.502048+00:00,1,Scăzut
Ethical,707a0648-f3ca-4d06-9b48-dab8e2a8b5af,d9bf228b-f346-4ee4-b26a-6c389837f382,14,0,0,0,2026-05-27 22:10:41.802240+00:00,14,Ridicat
Ethical,707a0648-f3ca-4d06-9b48-dab8e2a8b5af,7fedce35-4d17-4384-b680-45806e76ad0e,0,5,10,0,2026-05-28 17:51:20.644679+00:00,5,Ridicat
Ethical,707a0648-f3ca-4d06-9b48-dab8e2a8b5af,e7d138ce-1236-4567-9a2e-d4ea9c3a3e7c,0,0,0,0,2026-05-28 18:33:11.104335+00:00,0,Scăzut
Ethical,707a0648-f3ca-4d06-9b48-dab8e2a8b5af,bf61ce9a-a6f4-4a58-bde5-e982589e6749,0,3,6,0,2026-05-29 14:25:32.591867+00:00,3,Moderat
Ethical,707a0648-f3ca-4d06-9b48-dab8e2a8b5af,7648bacc-8a56-4c62-9c3f-dfa7d6ecfb62,0,2,6,1,2026-05-29 20:28:39.097914+00:00,2,Scăzut
Ethical,707a0648-f3ca-4d06-9b48-dab8e2a8b5af,5835dbad-45e0-447e-94c9-a01b0c5a166e,13,0,0,0,2026-05-30 15:15:36.254776+00:00,13,Ridicat
Dark,72d999af-07ec-4415-974c-abf642c86538,caa18627-3e7a-4e6d-a624-81c7f4413b32,20,2,2,0,2026-05-16 13:37:44.359260+00:00,22,Intens
Dark,72d999af-07ec-4415-974c-abf642c86538,6d8f0e79-abd4-4fa0-9488-a61239f8ae19,10,1,0,0,2026-05-17 16:47:54.109544+00:00,11,Ridicat
Dark,72d999af-07ec-4415-974c-abf642c86538,8ade050d-6aa4-402a-8fc9-71150f691b82,19,1,2,0,2026-05-18 20:55:03.779720+00:00,20,Intens
Dark,72d999af-07ec-4415-974c-abf642c86538,832b10bc-3614-444d-9d51-555ced2a310b,16,4,8,0,2026-05-19 19:42:24.380887+00:00,20,Intens
Dark,72d999af-07ec-4415-974c-abf642c86538,2bcd59d8-a6e5-4162-b579-af504edd025a,18,0,0,0,2026-05-20 11:07:31.037109+00:00,18,Intens
Dark,72d999af-07ec-4415-974c-abf642c86538,c4a6a60c-0a77-40c8-8092-c9d40fced3c5,0,1,2,0,2026-05-20 12:50:16.975317+00:00,1,Scăzut
Dark,72d999af-07ec-4415-974c-abf642c86538,08057d8c-5210-4655-907c-a6d76e2d119b,12,3,6,0,2026-05-21 18:41:40.556745+00:00,15,Ridicat
Ethical,72d999af-07ec-4415-974c-abf642c86538,d6d0d13f-272b-483d-b702-79b279c08491,3,1,2,0,2026-05-24 22:49:51.146392+00:00,4,Moderat
Ethical,72d999af-07ec-4415-974c-abf642c86538,eb6d98bf-6a4f-4cea-b9e9-2e35a7ce7849,0,1,2,0,2026-05-26 20:02:23.968861+00:00,1,Scăzut
Ethical,72d999af-07ec-4415-974c-abf642c86538,4ec05b01-5760-4bc7-8873-e715dcee0edf,0,1,2,0,2026-05-26 21:02:23.704305+00:00,1,Scăzut
Ethical,72d999af-07ec-4415-974c-abf642c86538,02cc4526-a142-4639-83e4-0f83b8cd7966,1,4,8,0,2026-05-29 20:02:51.976407+00:00,5,Ridicat
Ethical,72d999af-07ec-4415-974c-abf642c86538,27dcbb55-5fdd-4fe1-a06e-84ac1f75673a,0,1,2,0,2026-05-29 22:49:06.152048+00:00,1,Scăzut
Ethical,72d999af-07ec-4415-974c-abf642c86538,db22a54b-ccfb-48c2-b1f8-7cf4eb8d0344,4,4,8,0,2026-05-30 14:21:20.729232+00:00,8,Ridicat
Ethical,72d999af-07ec-4415-974c-abf642c86538,578d5a49-0037-47ca-96e3-653bdbfb8b61,4,0,0,0,2026-05-30 23:45:30.864001+00:00,4,Moderat
Dark,786b63d8-fe84-4031-90a0-ae201c76a678,454debc3-f4a0-44a8-b9d9-c85a7c362081,17,0,0,0,2026-05-15 19:12:48.412865+00:00,17,Intens
Dark,786b63d8-fe84-4031-90a0-ae201c76a678,8ac10922-39b7-429d-8ae6-fc09c87d44c0,18,5,4,0,2026-05-16 13:07:05.707359+00:00,23,Intens
Dark,786b63d8-fe84-4031-90a0-ae201c76a678,85747586-46c8-4dd7-9e83-a4684ad3db9d,12,0,0,0,2026-05-16 19:53:12.685222+00:00,12,Ridicat
Dark,786b63d8-fe84-4031-90a0-ae201c76a678,b1bf9899-dbb4-413b-b03a-f49f8557ecca,0,4,4,0,2026-05-17 17:42:45.145204+00:00,4,Moderat
Dark,786b63d8-fe84-4031-90a0-ae201c76a678,83bacae2-fcb5-4d0e-af7d-243a00d241f0,9,0,0,0,2026-05-19 15:33:08.022500+00:00,9,Ridicat
Dark,786b63d8-fe84-4031-90a0-ae201c76a678,418f140f-3161-466a-96ff-634d3d18fe05,15,4,8,0,2026-05-21 19:58:29.871189+00:00,19,Intens
Dark,786b63d8-fe84-4031-90a0-ae201c76a678,6b0149a5-66fe-4352-bdc9-51774970329d,22,8,8,0,2026-05-21 20:23:06.653052+00:00,30,Intens
Ethical,786b63d8-fe84-4031-90a0-ae201c76a678,40f3683e-c69b-46bf-b7d7-882d64f99c02,0,3,6,0,2026-05-26 18:36:30.173430+00:00,3,Moderat
Ethical,786b63d8-fe84-4031-90a0-ae201c76a678,9b04e85e-b4fa-4bb2-94df-ad48880386f9,5,1,4,1,2026-05-29 18:35:28.068488+00:00,6,Ridicat
Dark,7ae04994-1f9b-4233-9c51-0cee3bf1320c,d944a172-c54f-49ea-a38f-1dafda83d865,22,2,2,0,2026-05-24 17:36:03.208735+00:00,24,Intens
Dark,7ae04994-1f9b-4233-9c51-0cee3bf1320c,24170b82-3cf4-488d-8da0-f0a12e82dc40,8,1,2,0,2026-05-26 21:14:05.264907+00:00,9,Ridicat
Dark,7ae04994-1f9b-4233-9c51-0cee3bf1320c,64064709-6503-48b0-9358-d555cd9954fc,13,3,4,0,2026-05-27 18:56:45.566275+00:00,16,Intens
Dark,7ae04994-1f9b-4233-9c51-0cee3bf1320c,8924c567-290c-41d7-8605-7b42c1f7cf60,20,3,7,0,2026-05-28 17:25:06.188854+00:00,23,Intens
Dark,7ae04994-1f9b-4233-9c51-0cee3bf1320c,ef85732d-f99d-413b-99e1-388a6ca76eff,11,0,0,0,2026-05-28 21:21:23.197080+00:00,11,Ridicat
Dark,7ae04994-1f9b-4233-9c51-0cee3bf1320c,effca26b-9d12-485b-a8fa-695646d43573,0,1,2,0,2026-05-29 21:58:16.434369+00:00,1,Scăzut
Dark,7ae04994-1f9b-4233-9c51-0cee3bf1320c,4e7a533b-aa6b-487f-9f69-f08b8a022c23,7,3,2,0,2026-05-30 14:12:37.937105+00:00,10,Ridicat
Dark,7ae04994-1f9b-4233-9c51-0cee3bf1320c,b9f4e3a6-7cdb-4507-a070-a4dc99f217c7,0,1,2,0,2026-05-30 20:16:11.806449+00:00,1,Scăzut
Ethical,7ae04994-1f9b-4233-9c51-0cee3bf1320c,afe25a89-180f-47d5-884b-571fbb0ed58e,0,1,2,0,2026-05-20 18:53:02.881688+00:00,1,Scăzut
Dark,7def8a4d-8255-48b8-886f-191aec185e55,fb9745cf-9308-4cf7-84bb-648dfc23d115,43,0,0,0,2026-05-15 14:20:32.779437+00:00,43,Intens
Dark,7def8a4d-8255-48b8-886f-191aec185e55,ffc86a84-e9d3-4bc6-ad5c-d2689a8effd7,41,2,0,0,2026-05-15 18:04:36.101214+00:00,43,Intens
Dark,7def8a4d-8255-48b8-886f-191aec185e55,ae2e6d01-ed4a-44b4-8862-e9b177c80f96,7,0,0,0,2026-05-16 14:46:47.004084+00:00,7,Ridicat
Dark,7def8a4d-8255-48b8-886f-191aec185e55,6b58e5af-c859-4ac2-a6ec-2f85d063abad,9,0,0,0,2026-05-19 18:50:33.178650+00:00,9,Ridicat
Dark,7def8a4d-8255-48b8-886f-191aec185e55,1a9b02a8-116b-454c-9e9c-9b96d22c6a57,17,4,8,0,2026-05-19 19:18:55.011984+00:00,21,Intens
Ethical,7def8a4d-8255-48b8-886f-191aec185e55,ae7b5d32-29d6-4470-a9b6-117fefc0a822,0,2,4,0,2026-05-27 10:49:19.156129+00:00,2,Scăzut
Ethical,7def8a4d-8255-48b8-886f-191aec185e55,357a3625-9141-422f-9773-eef2e0bc4a8e,0,2,4,0,2026-05-27 16:22:39.655741+00:00,2,Scăzut
Ethical,7def8a4d-8255-48b8-886f-191aec185e55,08a6195e-a5ea-4065-ae48-68549f1c0578,0,0,0,0,2026-05-29 17:02:34.373315+00:00,0,Scăzut
Ethical,7def8a4d-8255-48b8-886f-191aec185e55,fa101179-2a48-4bf2-960d-dd1c5fa9e1c4,0,4,8,0,2026-05-30 22:37:56.874930+00:00,4,Moderat
Dark,7fb7c051-b362-40f7-8efa-2f2a7dc6206a,2ef8bc67-a68f-43db-b61b-e99dfec1942e,17,0,0,0,2026-05-24 20:20:04.467736+00:00,17,Intens
Dark,7fb7c051-b362-40f7-8efa-2f2a7dc6206a,4b026aa3-690f-4050-832a-a850d566a271,29,3,6,0,2026-05-25 20:27:54.241084+00:00,32,Intens
Dark,7fb7c051-b362-40f7-8efa-2f2a7dc6206a,ed3cc039-eebc-4e06-a127-1fe004ddc5e6,44,6,9,0,2026-05-26 20:13:33.054077+00:00,50,Intens
Dark,7fb7c051-b362-40f7-8efa-2f2a7dc6206a,caa91119-7a0f-49ef-ba72-bd048626e587,21,0,0,0,2026-05-27 18:03:34.165978+00:00,21,Intens
Dark,7fb7c051-b362-40f7-8efa-2f2a7dc6206a,bc1e3f05-c421-4f6f-b680-07ed0d66b965,10,3,6,0,2026-05-28 19:35:02.483056+00:00,13,Ridicat
Dark,7fb7c051-b362-40f7-8efa-2f2a7dc6206a,43e99443-30bc-4208-8f2a-9c3e98ea5c7e,0,4,8,0,2026-05-30 16:19:24.310982+00:00,4,Moderat
Ethical,7fb7c051-b362-40f7-8efa-2f2a7dc6206a,332135f8-4ad6-4268-b177-517bf0578002,0,4,10,1,2026-05-16 14:09:48.841758+00:00,4,Moderat
Ethical,7fb7c051-b362-40f7-8efa-2f2a7dc6206a,5262a330-6826-4eda-9691-b3f19f8d9641,0,2,4,0,2026-05-18 15:45:01.080336+00:00,2,Scăzut
Ethical,7fb7c051-b362-40f7-8efa-2f2a7dc6206a,22cd2437-0fb4-4007-b546-cd6db951c591,0,3,6,0,2026-05-19 18:02:00.508114+00:00,3,Moderat
Ethical,7fb7c051-b362-40f7-8efa-2f2a7dc6206a,257e6d22-f572-43e5-b819-57f8eaea6484,0,3,6,0,2026-05-20 16:50:16.740911+00:00,3,Moderat
Dark,86bc0ab8-10fd-4530-a85f-e9692caa6516,b4cbcb26-e42a-4b51-90dd-44a63dd67d21,57,1,2,0,2026-05-16 11:12:22.889269+00:00,58,Intens
Dark,86bc0ab8-10fd-4530-a85f-e9692caa6516,cca366fe-753f-45ef-a04e-bf5b6f8cb7ac,18,0,0,0,2026-05-17 17:08:32.214443+00:00,18,Intens
Dark,86bc0ab8-10fd-4530-a85f-e9692caa6516,2b46a507-a15a-42c7-af8f-a7feb90ec1d1,10,2,2,0,2026-05-17 21:49:06.566088+00:00,12,Ridicat
Dark,86bc0ab8-10fd-4530-a85f-e9692caa6516,6db7f7f5-f8a2-4fcb-9a80-7db520c85c6c,13,3,4,0,2026-05-19 19:10:48.958206+00:00,16,Intens
Dark,86bc0ab8-10fd-4530-a85f-e9692caa6516,0693d27f-e2db-4647-8f2d-58236d5961c5,15,1,3,0,2026-05-21 19:55:02.026803+00:00,16,Intens
Ethical,86bc0ab8-10fd-4530-a85f-e9692caa6516,73f04644-3678-48eb-9b4a-58f60dc31d18,0,2,4,0,2026-05-24 12:03:08.218698+00:00,2,Scăzut
Ethical,86bc0ab8-10fd-4530-a85f-e9692caa6516,28b1f242-6a4d-45dc-954a-e42ae1bff168,4,2,4,0,2026-05-25 17:53:11.598153+00:00,6,Ridicat
Ethical,86bc0ab8-10fd-4530-a85f-e9692caa6516,331a3855-ecb8-45da-a894-009de807c67d,1,0,0,0,2026-05-25 21:57:15.377810+00:00,1,Scăzut
Ethical,86bc0ab8-10fd-4530-a85f-e9692caa6516,9052a89f-8b9e-40c3-8110-9871c27fc225,0,4,8,0,2026-05-27 13:04:27.189824+00:00,4,Moderat
Ethical,86bc0ab8-10fd-4530-a85f-e9692caa6516,879c87c2-c95f-4893-bf32-4d1e31300d59,5,0,0,0,2026-05-27 21:12:16.603982+00:00,5,Ridicat
Ethical,86bc0ab8-10fd-4530-a85f-e9692caa6516,091922cf-e051-403c-8fe0-552c1e7cce1e,0,1,2,0,2026-05-28 17:16:55.519234+00:00,1,Scăzut
Ethical,86bc0ab8-10fd-4530-a85f-e9692caa6516,b598332e-337d-49d4-bf1e-b269caa1f39b,6,1,2,0,2026-05-28 20:20:18.823052+00:00,7,Ridicat
Ethical,86bc0ab8-10fd-4530-a85f-e9692caa6516,6495f000-702f-4b57-8904-3ae7c00564da,0,2,4,0,2026-05-30 19:00:47.993717+00:00,2,Scăzut
Ethical,86bc0ab8-10fd-4530-a85f-e9692caa6516,f598b07c-8f9a-4921-ba88-7114515a580a,9,0,0,0,2026-05-30 21:37:19.081779+00:00,9,Ridicat
Dark,8777ceeb-c0fe-4f78-8e86-dd5428507c32,bc0abd72-abdc-45ab-9e22-386118afafc0,35,0,0,0,2026-05-25 20:48:20.895715+00:00,35,Intens
Dark,8777ceeb-c0fe-4f78-8e86-dd5428507c32,655a43cf-8643-4886-b3e5-ee610d3e9e4b,0,5,6,0,2026-05-26 08:32:25.411404+00:00,5,Ridicat
Dark,8777ceeb-c0fe-4f78-8e86-dd5428507c32,952bad54-5eb5-4ccf-9da1-eda058c3227e,0,4,2,0,2026-05-26 12:17:26.648030+00:00,4,Moderat
Dark,8777ceeb-c0fe-4f78-8e86-dd5428507c32,2b505051-20e0-440d-9773-6b8e59f4873b,18,1,0,0,2026-05-27 11:36:33.913436+00:00,19,Intens
Dark,8777ceeb-c0fe-4f78-8e86-dd5428507c32,ff0d4b18-a169-4757-83eb-d5703ec5a4f1,0,0,0,0,2026-05-28 19:21:52.028844+00:00,0,Scăzut
Dark,8777ceeb-c0fe-4f78-8e86-dd5428507c32,295839f5-6b69-466f-87d7-2a61e2def1e6,0,1,2,0,2026-05-29 20:55:37.465703+00:00,1,Scăzut
Ethical,8777ceeb-c0fe-4f78-8e86-dd5428507c32,2b824fa2-f9c7-4794-84dc-d1dcbd62c877,3,0,0,0,2026-05-15 17:17:25.498885+00:00,3,Moderat
Ethical,8777ceeb-c0fe-4f78-8e86-dd5428507c32,c7014b96-c30d-4aec-add3-535e46982bf7,11,1,2,0,2026-05-16 19:47:16.682423+00:00,12,Ridicat
Ethical,8777ceeb-c0fe-4f78-8e86-dd5428507c32,f082633a-fe9b-4546-bbca-71e2832884c8,0,0,0,0,2026-05-20 18:49:17.099165+00:00,0,Scăzut
Dark,8d479225-84cc-4d0f-b3e6-3f61a2764b26,e9acd94f-1beb-45bd-a949-84a41aee5110,7,3,2,0,2026-05-24 13:38:06.826077+00:00,10,Ridicat
Dark,8d479225-84cc-4d0f-b3e6-3f61a2764b26,8c60585b-558a-43c4-a894-a357bd380ce3,0,1,0,0,2026-05-24 15:32:37.416584+00:00,1,Scăzut
Dark,8d479225-84cc-4d0f-b3e6-3f61a2764b26,547018a5-9764-4913-a05f-78fedca3b1de,15,0,0,0,2026-05-25 19:48:57.360145+00:00,15,Ridicat
Dark,8d479225-84cc-4d0f-b3e6-3f61a2764b26,e0714400-4258-4c42-a3dd-fac2f5bad13f,10,0,0,0,2026-05-25 23:46:34.979097+00:00,10,Ridicat
Dark,8d479225-84cc-4d0f-b3e6-3f61a2764b26,fa374047-8ba8-4453-899d-214997306a3c,0,0,0,0,2026-05-26 08:25:32.532471+00:00,0,Scăzut
Dark,8d479225-84cc-4d0f-b3e6-3f61a2764b26,8d47bb7b-7e02-44dd-a4a9-7bb8cd079df4,14,0,0,0,2026-05-26 19:58:52.512042+00:00,14,Ridicat
Dark,8d479225-84cc-4d0f-b3e6-3f61a2764b26,7567eaa8-8489-4155-b801-c31675254f48,0,2,2,0,2026-05-27 10:13:15.282225+00:00,2,Scăzut
Dark,8d479225-84cc-4d0f-b3e6-3f61a2764b26,e4e6ebcf-11f2-47dd-ae66-b84239c31fdf,28,0,0,0,2026-05-27 15:42:52.194734+00:00,28,Intens
Dark,8d479225-84cc-4d0f-b3e6-3f61a2764b26,55ec2e03-c663-4a84-9149-ffa5e5efe954,17,0,0,0,2026-05-28 12:05:03.195416+00:00,17,Intens
Dark,8d479225-84cc-4d0f-b3e6-3f61a2764b26,5de55731-adfe-4ab3-9b8d-545e232c459d,6,0,0,0,2026-05-28 18:29:57.967313+00:00,6,Ridicat
Dark,8d479225-84cc-4d0f-b3e6-3f61a2764b26,7bddfd5d-03bd-4482-945d-5f0a43621e06,9,1,2,0,2026-05-30 20:25:25.174250+00:00,10,Ridicat
Dark,8d479225-84cc-4d0f-b3e6-3f61a2764b26,8ac07013-47e4-42d0-a28d-a8e802ebd435,10,2,2,0,2026-05-30 22:04:11.112226+00:00,12,Ridicat
Ethical,8d479225-84cc-4d0f-b3e6-3f61a2764b26,e078dc6f-9dc6-4f24-a348-c01acf55b465,0,0,4,2,2026-05-15 13:37:15.705089+00:00,0,Scăzut
Ethical,8d479225-84cc-4d0f-b3e6-3f61a2764b26,df2a464a-3860-427a-ada9-7acf9395b7ee,4,1,2,0,2026-05-15 19:21:19.860684+00:00,5,Ridicat
Ethical,8d479225-84cc-4d0f-b3e6-3f61a2764b26,3fe8b117-b310-49e2-9f21-485d731ad154,0,0,0,0,2026-05-16 21:03:55.617791+00:00,0,Scăzut
Ethical,8d479225-84cc-4d0f-b3e6-3f61a2764b26,23559791-3987-44e5-b917-06cf7d405f3b,0,1,2,0,2026-05-17 16:10:15.290538+00:00,1,Scăzut
Ethical,8d479225-84cc-4d0f-b3e6-3f61a2764b26,341bedb4-caba-4883-8cd6-0fbdacf5e479,0,1,2,0,2026-05-17 18:33:36.645363+00:00,1,Scăzut
Ethical,8d479225-84cc-4d0f-b3e6-3f61a2764b26,ab07a362-8810-4d31-a93c-59145c653c52,0,5,12,1,2026-05-18 19:41:49.996204+00:00,5,Ridicat
Ethical,8d479225-84cc-4d0f-b3e6-3f61a2764b26,ec3432cd-cd7f-4de5-af71-91d78388b426,3,0,2,1,2026-05-19 19:35:03.233980+00:00,3,Moderat
Ethical,8d479225-84cc-4d0f-b3e6-3f61a2764b26,f148aa3e-005c-4ea1-b144-36b898a2bce4,0,1,4,1,2026-05-19 23:55:02.085446+00:00,1,Scăzut
Dark,8df5a4ae-de1e-4a38-a512-df8910505396,8dee700e-0fa9-4f73-9c3a-bf7aa1db3b51,0,0,0,0,2026-05-24 11:44:19.769972+00:00,0,Scăzut
Dark,8df5a4ae-de1e-4a38-a512-df8910505396,0f832e72-9a3e-45c2-aa55-8410a3c8d7a9,9,6,9,0,2026-05-24 19:50:37.998388+00:00,15,Ridicat
Dark,8df5a4ae-de1e-4a38-a512-df8910505396,c5e79d0a-60ea-44cc-907e-71692bb1a894,0,4,8,0,2026-05-25 20:01:34.604995+00:00,4,Moderat
Dark,8df5a4ae-de1e-4a38-a512-df8910505396,bdb891be-1e78-4339-9c3e-cc5f0ade22f2,21,1,2,0,2026-05-25 23:13:02.546707+00:00,22,Intens
Dark,8df5a4ae-de1e-4a38-a512-df8910505396,d224ccfd-60ba-4798-8a86-818204d9e064,27,3,2,0,2026-05-26 12:50:28.113436+00:00,30,Intens
Dark,8df5a4ae-de1e-4a38-a512-df8910505396,0ebada42-34bc-425e-901a-402fb00a2e5f,26,4,10,0,2026-05-27 19:28:33.860225+00:00,30,Intens
Dark,8df5a4ae-de1e-4a38-a512-df8910505396,48cc1b01-06eb-45fd-abb7-3b847676bd39,0,0,0,0,2026-05-30 15:29:08.648877+00:00,0,Scăzut
Dark,8df5a4ae-de1e-4a38-a512-df8910505396,3ab45df4-f333-463d-9b29-53d5a1de0995,27,6,10,0,2026-05-30 20:22:58.722851+00:00,33,Intens
Ethical,8df5a4ae-de1e-4a38-a512-df8910505396,a8615ba1-c620-4219-91ae-0ca9cc1ebf96,0,1,2,0,2026-05-15 21:48:27.497783+00:00,1,Scăzut
Ethical,8df5a4ae-de1e-4a38-a512-df8910505396,18b308f1-b9f4-4342-a11f-8231031cbd88,0,3,8,1,2026-05-20 20:44:35.382960+00:00,3,Moderat
Ethical,8df5a4ae-de1e-4a38-a512-df8910505396,21a0f24f-9cd1-41f9-a0ef-bfc8064c251c,12,0,0,0,2026-05-21 20:59:24.700094+00:00,12,Ridicat
Dark,9ad14b84-d581-426b-967c-9359c7b533f7,57804e0a-88e9-45de-9c64-8fbe32dcfb51,3,3,4,0,2026-05-16 18:55:06.985393+00:00,6,Ridicat
Dark,9ad14b84-d581-426b-967c-9359c7b533f7,63cc2ea9-a5be-4b34-b0a5-66a100673496,10,0,0,0,2026-05-17 17:44:23.885251+00:00,10,Ridicat
Dark,9ad14b84-d581-426b-967c-9359c7b533f7,f891b6f8-a4aa-41c1-8b03-65ce167b03f7,13,2,2,0,2026-05-17 21:12:33.159753+00:00,15,Ridicat
Dark,9ad14b84-d581-426b-967c-9359c7b533f7,4a5f4534-3f44-4f72-b0e6-50b24e142984,8,1,2,0,2026-05-18 13:44:29.823039+00:00,9,Ridicat
Dark,9ad14b84-d581-426b-967c-9359c7b533f7,1267d0a0-2f4b-4fa4-bad4-026e2232ce82,25,0,0,0,2026-05-18 18:24:35.872465+00:00,25,Intens
Dark,9ad14b84-d581-426b-967c-9359c7b533f7,a5acc18d-1b38-49b0-b20c-74740c854ebe,0,0,0,0,2026-05-19 17:26:18.713618+00:00,0,Scăzut
Dark,9ad14b84-d581-426b-967c-9359c7b533f7,8f859346-8027-47f7-93c6-02a426b79f79,17,4,4,0,2026-05-19 19:40:30.762174+00:00,21,Intens
Dark,9ad14b84-d581-426b-967c-9359c7b533f7,35b798e5-650c-454b-bb33-502bba28fbf2,0,6,9,0,2026-05-20 21:06:31.170032+00:00,6,Ridicat
Dark,9ad14b84-d581-426b-967c-9359c7b533f7,59da4ecd-c32d-4898-b36b-c4380d528771,22,2,4,0,2026-05-21 13:51:05.704528+00:00,24,Intens
Ethical,9ad14b84-d581-426b-967c-9359c7b533f7,30917d2b-6c72-40c5-80fb-81d789b3ba3c,0,1,2,0,2026-05-24 19:55:55.863669+00:00,1,Scăzut
Ethical,9ad14b84-d581-426b-967c-9359c7b533f7,a9f0aaf2-19f8-4572-b729-67df5ecb2b47,0,4,12,2,2026-05-25 14:47:44.308409+00:00,4,Moderat
Ethical,9ad14b84-d581-426b-967c-9359c7b533f7,55f45f66-34a6-4699-9517-4a923469e84c,0,3,6,0,2026-05-26 19:19:22.510896+00:00,3,Moderat
Ethical,9ad14b84-d581-426b-967c-9359c7b533f7,126ff75b-1134-4051-a4a4-48f6cda4459e,0,3,8,1,2026-05-27 22:45:40.791774+00:00,3,Moderat
Ethical,9ad14b84-d581-426b-967c-9359c7b533f7,10a0729b-b802-4c45-83bd-f73887932ab5,22,1,2,0,2026-05-28 16:18:28.709399+00:00,23,Intens
Ethical,9ad14b84-d581-426b-967c-9359c7b533f7,e30e3af8-a58a-457c-bc0a-508b3c107015,0,1,2,0,2026-05-28 19:37:07.972667+00:00,1,Scăzut
Dark,a040f35e-2eff-400f-bcd2-ac2f4611e6da,3830ff46-1319-4d6c-ad07-a19f054fcb23,12,0,0,0,2026-05-24 19:55:42.755217+00:00,12,Ridicat
Dark,a040f35e-2eff-400f-bcd2-ac2f4611e6da,d58771cd-6977-4588-96e7-4b7827eaa451,13,0,0,0,2026-05-24 20:59:43.699392+00:00,13,Ridicat
Dark,a040f35e-2eff-400f-bcd2-ac2f4611e6da,7b1c3cbd-e645-4882-9808-bffade02c7ef,18,2,2,0,2026-05-28 17:19:24.196324+00:00,20,Intens
Dark,a040f35e-2eff-400f-bcd2-ac2f4611e6da,3cfda626-6388-4e82-8904-f88acf8c4db2,20,0,0,0,2026-05-29 17:30:14.939737+00:00,20,Intens
Dark,a040f35e-2eff-400f-bcd2-ac2f4611e6da,7e4926cb-c648-432e-8980-db3ce306d2b5,0,2,4,0,2026-05-29 17:37:53.532726+00:00,2,Scăzut
Dark,a040f35e-2eff-400f-bcd2-ac2f4611e6da,d45e6fd2-387c-405c-9455-4b532c35a92b,0,5,8,0,2026-05-30 19:15:20.789930+00:00,5,Ridicat
Dark,a040f35e-2eff-400f-bcd2-ac2f4611e6da,8b14364a-b2aa-4df7-b864-2a5bb3ed4865,0,0,0,0,2026-05-30 19:37:34.238589+00:00,0,Scăzut
Ethical,a040f35e-2eff-400f-bcd2-ac2f4611e6da,6f990a87-03cc-4b7e-8ca0-bd86743f7553,21,0,0,0,2026-05-19 18:28:48.019866+00:00,21,Intens
Ethical,a040f35e-2eff-400f-bcd2-ac2f4611e6da,684b1622-9d1d-4f1d-8fce-8dee6330cd0e,0,0,0,0,2026-05-19 20:08:19.086011+00:00,0,Scăzut
Ethical,a040f35e-2eff-400f-bcd2-ac2f4611e6da,c4299d89-1ee1-49f7-81bf-d8d27583a28a,7,5,10,0,2026-05-20 17:38:39.492781+00:00,12,Ridicat
Dark,a7f1c0d2-9e34-4b88-8c21-0fd6b2e54a90,87638730-67df-4544-b50a-5ca7fc1bb6cd,8,0,0,0,2026-05-16 11:31:49.892615+00:00,8,Ridicat
Dark,a7f1c0d2-9e34-4b88-8c21-0fd6b2e54a90,9b1abeb2-8614-4ab4-ada0-32608f1dd60e,0,3,6,0,2026-05-16 14:46:17.294902+00:00,3,Moderat
Dark,a7f1c0d2-9e34-4b88-8c21-0fd6b2e54a90,60090f22-14e7-45b2-8d41-95dc855fcf6d,21,3,4,0,2026-05-17 13:30:31.750428+00:00,24,Intens
Dark,a7f1c0d2-9e34-4b88-8c21-0fd6b2e54a90,efa8fdb9-6997-4509-b477-641ecbc4edf7,0,2,2,0,2026-05-17 20:52:05.700220+00:00,2,Scăzut
Dark,a7f1c0d2-9e34-4b88-8c21-0fd6b2e54a90,1dccb2af-4755-401e-8f45-4c9115c2592b,34,0,0,0,2026-05-19 15:47:39.036149+00:00,34,Intens
Dark,a7f1c0d2-9e34-4b88-8c21-0fd6b2e54a90,23dfb20a-012e-4966-a941-f34f759b50e8,0,0,0,0,2026-05-19 21:09:20.975896+00:00,0,Scăzut
Dark,a7f1c0d2-9e34-4b88-8c21-0fd6b2e54a90,548800af-943a-4a97-a3d1-b72b44c60a8b,0,4,8,0,2026-05-20 18:46:35.875145+00:00,4,Moderat
Dark,a7f1c0d2-9e34-4b88-8c21-0fd6b2e54a90,e92763c1-ea53-4de1-bc56-2603b4603153,1,3,6,0,2026-05-21 19:33:50.752918+00:00,4,Moderat
Dark,a7f1c0d2-9e34-4b88-8c21-0fd6b2e54a90,b6677005-9aa6-4a04-a58f-3aa76767308c,17,2,4,0,2026-05-21 21:53:02.255932+00:00,19,Intens
Ethical,a7f1c0d2-9e34-4b88-8c21-0fd6b2e54a90,47e11532-1f63-4286-aacf-f5aa908f71a6,0,0,0,0,2026-05-24 11:39:38.202053+00:00,0,Scăzut
Ethical,a7f1c0d2-9e34-4b88-8c21-0fd6b2e54a90,17773a48-9ced-4dd2-a0d7-4d21d4fc8ed7,8,1,2,0,2026-05-26 18:28:18.496513+00:00,9,Ridicat
Ethical,a7f1c0d2-9e34-4b88-8c21-0fd6b2e54a90,88fa74fb-2549-4a42-966f-8102145d77fa,0,1,2,0,2026-05-27 20:36:37.129214+00:00,1,Scăzut
Ethical,a7f1c0d2-9e34-4b88-8c21-0fd6b2e54a90,df6ccdf7-556e-45c1-b46b-d7b6a4384cc0,0,0,2,1,2026-05-27 21:02:29.789482+00:00,0,Scăzut
Ethical,a7f1c0d2-9e34-4b88-8c21-0fd6b2e54a90,a1ce282d-9337-4b81-b0c1-2388e9afd5d2,1,0,0,0,2026-05-28 18:00:03.637249+00:00,1,Scăzut
Ethical,a7f1c0d2-9e34-4b88-8c21-0fd6b2e54a90,ff22f735-e351-4df3-aac5-87eadb39bd14,0,3,6,0,2026-05-28 20:47:47.105900+00:00,3,Moderat
Ethical,a7f1c0d2-9e34-4b88-8c21-0fd6b2e54a90,a4c8e9b7-3b3d-486b-8147-9353042d43f4,0,2,4,0,2026-05-29 18:28:49.923199+00:00,2,Scăzut
Ethical,a7f1c0d2-9e34-4b88-8c21-0fd6b2e54a90,6b74bfab-a3f2-44a4-85d3-0d2fd2dde7e0,0,1,2,0,2026-05-29 19:54:19.550059+00:00,1,Scăzut
Ethical,a7f1c0d2-9e34-4b88-8c21-0fd6b2e54a90,b34bc34d-8851-47b5-a04c-4b511a00068c,8,1,2,0,2026-05-30 21:54:36.462457+00:00,9,Ridicat
Dark,b9119b29-1ad9-4429-a3d5-576d7e597947,1c829cc6-5e11-4e87-b05a-ea4dbb4a817e,3,3,2,0,2026-05-17 20:11:58.187309+00:00,6,Ridicat
Dark,b9119b29-1ad9-4429-a3d5-576d7e597947,eb0471a0-aca1-4482-9e46-833207c05b59,70,6,6,0,2026-05-19 20:18:32.514117+00:00,76,Intens
Dark,b9119b29-1ad9-4429-a3d5-576d7e597947,c600ec62-6581-4275-a44c-25a0deb7b363,0,4,8,0,2026-05-20 08:26:20.379358+00:00,4,Moderat
Dark,b9119b29-1ad9-4429-a3d5-576d7e597947,34d8ddac-0b96-46e5-b7ee-c7216bd99439,38,0,0,0,2026-05-20 19:37:43.703274+00:00,38,Intens
Dark,b9119b29-1ad9-4429-a3d5-576d7e597947,f5a88305-1e3f-4cae-bc50-39e1303203bd,67,5,10,0,2026-05-21 21:36:49.728381+00:00,72,Intens
Ethical,b9119b29-1ad9-4429-a3d5-576d7e597947,7e6fe803-52d9-4f77-bf5e-d0e8101d674e,0,2,4,0,2026-05-24 18:04:25.447337+00:00,2,Scăzut
Ethical,b9119b29-1ad9-4429-a3d5-576d7e597947,ad252f54-7183-4e22-ad38-183fcf5066f5,4,0,0,0,2026-05-25 18:32:34.962993+00:00,4,Moderat
Ethical,b9119b29-1ad9-4429-a3d5-576d7e597947,85cc69c0-d5e6-419e-8cf6-3fbf37af6fdb,0,5,12,1,2026-05-25 19:04:03.586236+00:00,5,Ridicat
Ethical,b9119b29-1ad9-4429-a3d5-576d7e597947,2934752e-e416-4e51-b949-fceff178c8dd,0,3,6,0,2026-05-28 17:16:40.300317+00:00,3,Moderat
Ethical,b9119b29-1ad9-4429-a3d5-576d7e597947,017de964-78ee-42ee-aff6-4942c48e3f24,8,0,0,0,2026-05-30 15:56:28.780768+00:00,8,Ridicat
Dark,c8171d1d-2e75-491c-be09-34bf9df581ff,11704ef8-cbab-4c63-87c7-8dc60d086307,28,2,0,0,2026-05-25 18:34:00.560065+00:00,30,Intens
Dark,c8171d1d-2e75-491c-be09-34bf9df581ff,ca2c4aab-763e-431c-989c-3c184ca80a51,0,1,0,0,2026-05-25 19:09:11.310084+00:00,1,Scăzut
Dark,c8171d1d-2e75-491c-be09-34bf9df581ff,a59a875c-9228-4fb2-aea4-814f01be0eb0,10,4,6,0,2026-05-26 20:29:44.212646+00:00,14,Ridicat
Dark,c8171d1d-2e75-491c-be09-34bf9df581ff,62011583-6d41-4350-9610-54f1efe16a83,1,0,0,0,2026-05-27 21:48:03.628241+00:00,1,Scăzut
Dark,c8171d1d-2e75-491c-be09-34bf9df581ff,fb9649cd-ca6e-43e0-8604-685efbf9c57a,21,3,7,0,2026-05-30 19:44:52.549062+00:00,24,Intens
Ethical,c8171d1d-2e75-491c-be09-34bf9df581ff,4ee53f1c-9ed3-498e-9a6f-c1e5845f5f29,0,1,4,1,2026-05-15 18:59:43.387086+00:00,1,Scăzut
Ethical,c8171d1d-2e75-491c-be09-34bf9df581ff,20f65e99-8217-4b1b-9fc7-1df4dbf2a66f,4,2,4,0,2026-05-16 19:09:01.886087+00:00,6,Ridicat
Ethical,c8171d1d-2e75-491c-be09-34bf9df581ff,cc898434-9157-4ad6-9645-248f35e27df0,0,4,10,1,2026-05-16 19:10:22.500995+00:00,4,Moderat
Ethical,c8171d1d-2e75-491c-be09-34bf9df581ff,5344f4df-7e12-486f-81a9-c7a74d3a1637,0,2,6,1,2026-05-19 17:59:01.216771+00:00,2,Scăzut
Ethical,c8171d1d-2e75-491c-be09-34bf9df581ff,7d903d68-3242-4809-8631-1631701d31b5,3,0,2,1,2026-05-19 18:17:58.807042+00:00,3,Moderat
Dark,c8e5acc0-ddb4-478d-ad73-5654826e7355,22ad1f88-6997-432a-8b89-497e1bd04673,4,3,4,0,2026-05-24 15:48:35.748287+00:00,7,Ridicat
Dark,c8e5acc0-ddb4-478d-ad73-5654826e7355,838623a9-6ccb-49a4-9f89-3741e32fb3b5,3,1,2,0,2026-05-26 17:50:56.151797+00:00,4,Moderat
Dark,c8e5acc0-ddb4-478d-ad73-5654826e7355,b0bade58-68e8-4d07-897c-60716df7cf8c,1,2,0,0,2026-05-27 19:34:13.619683+00:00,3,Moderat
Dark,c8e5acc0-ddb4-478d-ad73-5654826e7355,403d18fe-0773-4003-950e-15759ecfbc0c,23,0,0,0,2026-05-27 19:49:38.886027+00:00,23,Intens
Dark,c8e5acc0-ddb4-478d-ad73-5654826e7355,b82db4df-c233-45fe-987b-034375ce8ccd,17,0,0,0,2026-05-30 14:21:21.536223+00:00,17,Intens
Ethical,c8e5acc0-ddb4-478d-ad73-5654826e7355,81669f1b-adcd-4663-8e3e-908732f6ff0c,0,1,2,0,2026-05-18 20:04:40.596569+00:00,1,Scăzut
Ethical,c8e5acc0-ddb4-478d-ad73-5654826e7355,3faf0508-56ab-4875-9f39-dfa7e79a6a6c,0,1,4,1,2026-05-19 16:56:56.744631+00:00,1,Scăzut
Ethical,c8e5acc0-ddb4-478d-ad73-5654826e7355,3306d291-d6fd-4516-9d0a-2ce6e70e9ac6,0,1,2,0,2026-05-20 15:41:25.822424+00:00,1,Scăzut
Ethical,c8e5acc0-ddb4-478d-ad73-5654826e7355,1359cb9b-aa35-4bff-b05d-5ec63ad4cf3e,0,2,4,0,2026-05-21 18:48:31.097606+00:00,2,Scăzut
Ethical,c8e5acc0-ddb4-478d-ad73-5654826e7355,fbf9c242-4bda-464e-ae90-0af5200b739d,0,3,6,0,2026-05-21 19:42:53.898206+00:00,3,Moderat
Dark,c99842c8-51e7-420e-b187-6cd2bbbd2242,8d8b223a-0524-49dd-b68a-af8d4b455f9a,21,0,0,0,2026-05-15 18:20:53.105651+00:00,21,Intens
Dark,c99842c8-51e7-420e-b187-6cd2bbbd2242,70583872-cc8b-4ee6-a53d-3534be597701,12,0,0,0,2026-05-16 20:50:32.213192+00:00,12,Ridicat
Dark,c99842c8-51e7-420e-b187-6cd2bbbd2242,f16a6289-c4e1-418e-95fa-28b373a4ecaa,0,4,5,0,2026-05-17 17:15:13.007738+00:00,4,Moderat
Dark,c99842c8-51e7-420e-b187-6cd2bbbd2242,f742e68f-743e-4ef5-bb70-47219cc4a715,0,2,0,0,2026-05-17 18:17:11.371943+00:00,2,Scăzut
Dark,c99842c8-51e7-420e-b187-6cd2bbbd2242,100b6604-7604-49bb-856a-5acea363b186,0,2,2,0,2026-05-18 17:14:02.154358+00:00,2,Scăzut
Dark,c99842c8-51e7-420e-b187-6cd2bbbd2242,1b3cd785-223a-4e2d-a4fd-aa0101fc107d,0,2,2,0,2026-05-18 20:00:08.527985+00:00,2,Scăzut
Dark,c99842c8-51e7-420e-b187-6cd2bbbd2242,0d3e0d7c-4823-40d9-855e-c661c6c38c3f,21,1,2,0,2026-05-19 10:18:57.603052+00:00,22,Intens
Dark,c99842c8-51e7-420e-b187-6cd2bbbd2242,7305abf5-5120-4701-936e-19d4e1a32367,0,2,2,0,2026-05-20 22:14:54.254985+00:00,2,Scăzut
Ethical,c99842c8-51e7-420e-b187-6cd2bbbd2242,6c29a0ed-fd8f-47d9-b0ba-bbf3872e1b3c,0,0,0,0,2026-05-25 19:52:45.638313+00:00,0,Scăzut
Ethical,c99842c8-51e7-420e-b187-6cd2bbbd2242,846e1ae1-3978-45df-a8f7-d4cebf4e0303,0,1,2,0,2026-05-27 14:03:29.500025+00:00,1,Scăzut
Ethical,c99842c8-51e7-420e-b187-6cd2bbbd2242,beda08d4-f736-41cc-be26-84c3beb3036a,6,2,4,0,2026-05-27 14:04:24.919816+00:00,8,Ridicat
Ethical,c99842c8-51e7-420e-b187-6cd2bbbd2242,05f5a0dd-fe08-4f8d-98bb-e985436066ef,0,1,2,0,2026-05-28 15:41:24.277289+00:00,1,Scăzut
Ethical,c99842c8-51e7-420e-b187-6cd2bbbd2242,bf05473d-20f1-4ee1-b8e6-7be7708f6f66,0,0,0,0,2026-05-29 16:30:21.531343+00:00,0,Scăzut
Ethical,c99842c8-51e7-420e-b187-6cd2bbbd2242,c97ec198-612c-4f60-b91a-c79de8f1d550,15,2,4,0,2026-05-29 17:43:57.522068+00:00,17,Intens
Dark,d6692bfa-902b-4f99-997c-e8e794a36d21,2ffa613e-759c-446b-a6a2-e9fd5ec898da,8,6,8,0,2026-05-25 11:10:20.297668+00:00,14,Ridicat
Ethical,d6692bfa-902b-4f99-997c-e8e794a36d21,da23c500-ce44-4162-9d51-1df28a1e6423,0,1,2,0,2026-05-15 17:46:22.711447+00:00,1,Scăzut
Ethical,d6692bfa-902b-4f99-997c-e8e794a36d21,ad6dcef0-63c1-48a9-b48a-fdca87f34d61,13,0,0,0,2026-05-17 17:39:26.469286+00:00,13,Ridicat
Ethical,d6692bfa-902b-4f99-997c-e8e794a36d21,f79d5f7e-2d05-40fa-a0e1-5c6fb3cf608d,0,3,8,1,2026-05-19 17:36:13.997230+00:00,3,Moderat
Ethical,d6692bfa-902b-4f99-997c-e8e794a36d21,8aa00d17-7066-4eff-8b66-db1c4e11494c,15,0,0,0,2026-05-20 15:54:08.513269+00:00,15,Ridicat
Dark,e0ce78ab-5c37-4015-a43e-0327eca7d411,2e765b8f-d013-4ce5-80d6-f4363d749204,57,2,2,0,2026-05-24 18:19:48.646546+00:00,59,Intens
Dark,e0ce78ab-5c37-4015-a43e-0327eca7d411,8dc4fe21-cd6b-451d-85cc-923e5f716e71,27,4,8,0,2026-05-25 19:21:54.414502+00:00,31,Intens
Dark,e0ce78ab-5c37-4015-a43e-0327eca7d411,8a34d96e-26a5-4747-a23d-12db44b56f68,49,1,2,0,2026-05-25 20:00:57.353171+00:00,50,Intens
Dark,e0ce78ab-5c37-4015-a43e-0327eca7d411,f26c3fbe-79b6-41d7-8c50-c22586ac1688,7,0,0,0,2026-05-28 17:09:25.658750+00:00,7,Ridicat
Ethical,e0ce78ab-5c37-4015-a43e-0327eca7d411,2e72dd6f-83d3-4522-a55b-030a52d14a30,1,1,2,0,2026-05-18 17:13:22.123735+00:00,2,Scăzut
Ethical,e0ce78ab-5c37-4015-a43e-0327eca7d411,9483822a-25d1-4e28-9660-7e4e0ad13c66,1,0,0,0,2026-05-19 19:52:09.106748+00:00,1,Scăzut
Ethical,e0ce78ab-5c37-4015-a43e-0327eca7d411,2dd2ac9b-a530-4f77-af21-5f689bb8ddfa,0,3,6,0,2026-05-20 11:01:17.412223+00:00,3,Moderat
Ethical,e0ce78ab-5c37-4015-a43e-0327eca7d411,244568b7-62c6-4cd2-8b43-b842c20f623d,13,1,2,0,2026-05-21 21:58:09.136207+00:00,14,Ridicat
Dark,e325cae0-ec05-405b-b39e-9d316f5a4c15,78ca5556-ccf6-4a7b-9aaa-9d232a925d5e,31,4,6,0,2026-05-24 20:57:58.361645+00:00,35,Intens
Dark,e325cae0-ec05-405b-b39e-9d316f5a4c15,4f230361-7fac-47ba-b511-692c27eb89f3,3,2,2,0,2026-05-25 17:15:36.977692+00:00,5,Ridicat
Dark,e325cae0-ec05-405b-b39e-9d316f5a4c15,4d0d8c3a-1a71-48e6-b3c5-4080477d2921,33,1,2,0,2026-05-25 22:58:43.152018+00:00,34,Intens
Dark,e325cae0-ec05-405b-b39e-9d316f5a4c15,22489881-1d0b-4840-b348-3ed25be79abb,44,4,8,0,2026-05-27 14:25:30.477471+00:00,48,Intens
Dark,e325cae0-ec05-405b-b39e-9d316f5a4c15,0542ce0a-60e9-4fc2-89b8-1a941eafa2ce,44,7,8,0,2026-05-27 18:52:45.015278+00:00,51,Intens
Dark,e325cae0-ec05-405b-b39e-9d316f5a4c15,c90829e3-9811-4904-b24b-d9ede856a5c3,0,3,5,0,2026-05-28 12:16:45.615428+00:00,3,Moderat
Dark,e325cae0-ec05-405b-b39e-9d316f5a4c15,5ff055eb-9616-4606-a371-4386588ee54d,19,6,8,0,2026-05-28 14:57:11.322130+00:00,25,Intens
Dark,e325cae0-ec05-405b-b39e-9d316f5a4c15,441b3a49-13d7-4eff-ac89-41efd989275f,0,0,0,0,2026-05-29 16:50:53.355583+00:00,0,Scăzut
Dark,e325cae0-ec05-405b-b39e-9d316f5a4c15,c81bd5ed-9c2a-423e-8453-61cf5e281863,0,0,0,0,2026-05-30 17:02:32.330281+00:00,0,Scăzut
Ethical,e325cae0-ec05-405b-b39e-9d316f5a4c15,fdd889d4-c31c-4c26-a470-8e1fcec84bec,0,6,12,0,2026-05-15 11:15:09.681791+00:00,6,Ridicat
Ethical,e325cae0-ec05-405b-b39e-9d316f5a4c15,c529e916-323f-4c04-9889-f71c0e7ecffb,11,0,0,0,2026-05-15 20:38:36.138659+00:00,11,Ridicat
Ethical,e325cae0-ec05-405b-b39e-9d316f5a4c15,b238fc78-5738-4666-9973-e323b785eaa1,5,0,0,0,2026-05-17 21:46:55.265123+00:00,5,Ridicat
Ethical,e325cae0-ec05-405b-b39e-9d316f5a4c15,0bf4e399-c1eb-4185-b5d5-42c1c4abdbcb,0,2,4,0,2026-05-18 15:41:20.734375+00:00,2,Scăzut
Ethical,e325cae0-ec05-405b-b39e-9d316f5a4c15,6d3b20e5-618e-4a8c-92b2-71bd81471e86,0,4,10,1,2026-05-19 11:05:47.589397+00:00,4,Moderat
Ethical,e325cae0-ec05-405b-b39e-9d316f5a4c15,4ce49073-e7eb-4406-86af-cb640d2e3e8f,0,1,2,0,2026-05-19 20:04:42.225166+00:00,1,Scăzut
Ethical,e325cae0-ec05-405b-b39e-9d316f5a4c15,ced4a8b7-25f8-4409-8ad7-c1b940f59c6a,0,3,8,1,2026-05-20 18:32:41.294898+00:00,3,Moderat
Ethical,e325cae0-ec05-405b-b39e-9d316f5a4c15,f36c6f66-96b9-42a6-bd39-2e634f36de5c,0,2,6,1,2026-05-20 22:41:49.133371+00:00,2,Scăzut
Ethical,e325cae0-ec05-405b-b39e-9d316f5a4c15,8cc8e045-2278-4a17-8d9b-bc976134ff97,0,0,0,0,2026-05-21 11:55:13.448788+00:00,0,Scăzut
Dark,e53f6300-8b8a-4b7d-9acc-007b67a1a6bc,ad1a9362-4920-4de8-a4d4-4b473fec9ee8,0,3,2,0,2026-05-15 13:22:49.952752+00:00,3,Moderat
Dark,e53f6300-8b8a-4b7d-9acc-007b67a1a6bc,a9381cbc-abd0-483a-8522-7f7899e068ce,6,2,4,0,2026-05-15 21:11:35.463618+00:00,8,Ridicat
Dark,e53f6300-8b8a-4b7d-9acc-007b67a1a6bc,335caf83-83b8-471e-9b96-5428ac2bd027,13,5,6,0,2026-05-16 14:29:31.463880+00:00,18,Intens
Dark,e53f6300-8b8a-4b7d-9acc-007b67a1a6bc,66d62e1c-9de8-427a-8ecc-7b10ba6cf9ef,26,4,4,0,2026-05-16 16:23:47.857215+00:00,30,Intens
Dark,e53f6300-8b8a-4b7d-9acc-007b67a1a6bc,a8ee7678-a87b-4147-b870-14bffaabada6,0,1,2,0,2026-05-17 14:26:44.585550+00:00,1,Scăzut
Dark,e53f6300-8b8a-4b7d-9acc-007b67a1a6bc,3ccd7a66-c2d2-4db8-828b-714d9ad4901a,18,0,0,0,2026-05-17 19:50:01.273615+00:00,18,Intens
Dark,e53f6300-8b8a-4b7d-9acc-007b67a1a6bc,f06a0030-be63-49ed-8272-409b5fbcb568,11,3,4,0,2026-05-19 19:32:29.521427+00:00,14,Ridicat
Dark,e53f6300-8b8a-4b7d-9acc-007b67a1a6bc,abdfda56-e714-43f9-9333-4f79088e78b5,0,4,6,0,2026-05-19 21:07:06.582926+00:00,4,Moderat
Ethical,e53f6300-8b8a-4b7d-9acc-007b67a1a6bc,c12749dc-31e7-4abe-9cb5-1ae64ab64538,5,0,0,0,2026-05-24 23:38:33.821077+00:00,5,Ridicat
Ethical,e53f6300-8b8a-4b7d-9acc-007b67a1a6bc,dd9bb10e-afc2-4497-aaa5-ded19c68a4de,0,1,2,0,2026-05-25 16:06:50.161830+00:00,1,Scăzut
Ethical,e53f6300-8b8a-4b7d-9acc-007b67a1a6bc,a5e68db2-b673-4901-a08d-a99ffe7c9147,5,0,0,0,2026-05-25 16:41:05.920337+00:00,5,Ridicat
Ethical,e53f6300-8b8a-4b7d-9acc-007b67a1a6bc,84f3e1fd-5a2a-4d37-a5c9-14ed734fba44,0,1,2,0,2026-05-26 22:39:05.188577+00:00,1,Scăzut
Ethical,e53f6300-8b8a-4b7d-9acc-007b67a1a6bc,8f143181-be6a-40ff-aeb6-c6ef80750a34,17,0,0,0,2026-05-27 09:48:47.197080+00:00,17,Intens
Ethical,e53f6300-8b8a-4b7d-9acc-007b67a1a6bc,91ddc9af-68c6-45d5-9312-bbd4ac74d1bd,3,0,0,0,2026-05-27 19:02:22.315120+00:00,3,Moderat
Ethical,e53f6300-8b8a-4b7d-9acc-007b67a1a6bc,3439e449-2fa6-49e4-8bfb-889f1d1bcc5c,3,1,2,0,2026-05-30 15:29:52.102161+00:00,4,Moderat
Ethical,e53f6300-8b8a-4b7d-9acc-007b67a1a6bc,2c6104b9-021f-4a38-b8ee-8733c1a2daca,0,3,6,0,2026-05-30 16:45:18.649745+00:00,3,Moderat
Dark,e7e0cf4f-0487-427f-9edd-f5f7427b1058,8abe6f03-edcc-4a25-a056-eacc7a2acb99,0,2,0,0,2026-05-26 21:31:13.304266+00:00,2,Scăzut
Ethical,e7e0cf4f-0487-427f-9edd-f5f7427b1058,241b2e2f-6971-4467-99c3-229defcd095b,1,1,2,0,2026-05-17 11:14:57.714375+00:00,2,Scăzut
Ethical,e7e0cf4f-0487-427f-9edd-f5f7427b1058,9f31160f-0a53-4afb-8830-8caab58906d2,0,1,2,0,2026-05-19 20:51:56.378711+00:00,1,Scăzut
Dark,ee0da921-8d1f-4bfa-bef0-375bda8d63b6,945db5c6-9447-4b2f-be6c-af4254320e11,16,1,2,0,2026-05-15 17:53:57.486632+00:00,17,Intens
Dark,ee0da921-8d1f-4bfa-bef0-375bda8d63b6,60757805-6047-4bbe-8b9f-0988e07ac409,0,0,0,0,2026-05-15 17:59:42.554309+00:00,0,Scăzut
Dark,ee0da921-8d1f-4bfa-bef0-375bda8d63b6,efed77cf-4a69-4d85-9d0f-4c6939d28bef,0,4,8,0,2026-05-16 14:24:56.904944+00:00,4,Moderat
Dark,ee0da921-8d1f-4bfa-bef0-375bda8d63b6,8d182451-a94d-4a12-b4fa-4b7ccdc72c17,0,6,4,0,2026-05-16 22:57:50.910235+00:00,6,Ridicat
Dark,ee0da921-8d1f-4bfa-bef0-375bda8d63b6,12c7adf9-bacc-4c31-9ac3-581f492ef76a,0,0,0,0,2026-05-18 21:02:40.219881+00:00,0,Scăzut
Dark,ee0da921-8d1f-4bfa-bef0-375bda8d63b6,dbec0815-ca5b-40d3-90b4-837a33b3f543,25,4,4,0,2026-05-18 22:06:19.022965+00:00,29,Intens
Dark,ee0da921-8d1f-4bfa-bef0-375bda8d63b6,7b231b49-49e3-4fd1-a8dc-6e609a005a6c,0,4,4,0,2026-05-19 16:49:25.525619+00:00,4,Moderat
Dark,ee0da921-8d1f-4bfa-bef0-375bda8d63b6,f8b900e8-642a-46ad-a84b-c36b6bed4825,7,1,0,0,2026-05-19 20:52:30.009003+00:00,8,Ridicat
Dark,ee0da921-8d1f-4bfa-bef0-375bda8d63b6,c55815c8-084b-404c-9f6a-88cec6140acb,20,1,0,0,2026-05-20 23:31:38.655112+00:00,21,Intens
Dark,ee0da921-8d1f-4bfa-bef0-375bda8d63b6,a248a164-e5f4-4454-8530-5834343fb69f,0,3,6,0,2026-05-21 10:06:05.107655+00:00,3,Moderat
Dark,ee0da921-8d1f-4bfa-bef0-375bda8d63b6,deea2013-1294-48ca-adc3-f5e13d9e6e89,11,3,6,0,2026-05-21 20:29:11.880776+00:00,14,Ridicat
Ethical,ee0da921-8d1f-4bfa-bef0-375bda8d63b6,6ca81dda-923c-410b-9dc3-c6ce7e36161c,0,0,0,0,2026-05-24 20:22:47.746823+00:00,0,Scăzut
Ethical,ee0da921-8d1f-4bfa-bef0-375bda8d63b6,c80d3856-48c7-4cdf-84bb-40dc9663d0b2,0,3,8,1,2026-05-27 12:45:09.852324+00:00,3,Moderat
Ethical,ee0da921-8d1f-4bfa-bef0-375bda8d63b6,2a4882df-0967-4203-a7c7-65162f2889bd,0,2,4,0,2026-05-30 18:28:30.322116+00:00,2,Scăzut
Ethical,ee0da921-8d1f-4bfa-bef0-375bda8d63b6,75d03928-2029-42d2-8e55-ba6d265eca12,0,2,4,0,2026-05-30 20:52:31.772624+00:00,2,Scăzut
Dark,fcc80b9b-7241-4507-b3be-27e2268750fd,367e17c4-7bbc-4a14-9396-6a6e4bb703dd,6,0,0,0,2026-05-16 13:56:43.141436+00:00,6,Ridicat
Ethical,fcc80b9b-7241-4507-b3be-27e2268750fd,cca298d7-6d07-44ca-bb68-668ef4160604,0,1,2,0,2026-05-30 16:10:00.079561+00:00,1,Scăzut
Dark,fda732af-1a91-41d6-b91e-15ee3098151f,da3970a7-9793-4146-90f9-aec659962815,0,0,0,0,2026-05-17 16:42:25.710630+00:00,0,Scăzut
Dark,fda732af-1a91-41d6-b91e-15ee3098151f,b22d91b4-d84c-43d0-ac49-ba706dac21fc,0,5,8,0,2026-05-17 20:16:10.659136+00:00,5,Ridicat
Ethical,fda732af-1a91-41d6-b91e-15ee3098151f,4c881c79-6b42-4f5a-9e60-7f67159a29e3,0,2,4,0,2026-05-24 15:16:03.459478+00:00,2,Scăzut
Ethical,fda732af-1a91-41d6-b91e-15ee3098151f,095dcc80-255b-4665-90ee-ce0995571846,7,1,2,0,2026-05-27 20:52:23.887409+00:00,8,Ridicat
Ethical,fda732af-1a91-41d6-b91e-15ee3098151f,d635e5a3-e654-4b29-987e-42a5a0521093,0,1,2,0,2026-05-28 19:26:07.666030+00:00,1,Scăzut
Dark,fe0798a3-83e9-44d2-95a1-221b586c3572,cd726a12-c834-47ce-886c-12648746ef66,0,3,4,0,2026-05-25 10:26:54.389038+00:00,3,Moderat
Dark,fe0798a3-83e9-44d2-95a1-221b586c3572,fe99f312-4128-428e-97eb-4c60940f8423,56,0,0,0,2026-05-25 20:56:51.887504+00:00,56,Intens
Dark,fe0798a3-83e9-44d2-95a1-221b586c3572,085e0685-9456-4a95-9fc1-afbc86313071,29,1,0,0,2026-05-27 22:37:40.126068+00:00,30,Intens
Dark,fe0798a3-83e9-44d2-95a1-221b586c3572,e16ecd8b-6773-4cc9-ab93-1962d0654734,17,6,10,0,2026-05-28 20:40:43.190441+00:00,23,Intens
Dark,fe0798a3-83e9-44d2-95a1-221b586c3572,b6f69d37-1a3b-4934-a2a7-6570d5019b3d,19,7,8,0,2026-05-29 19:40:36.672811+00:00,26,Intens
Dark,fe0798a3-83e9-44d2-95a1-221b586c3572,8f81914c-edd0-40f1-9d85-30bc677f6253,74,0,0,0,2026-05-30 22:45:06.554850+00:00,74,Intens
Ethical,fe0798a3-83e9-44d2-95a1-221b586c3572,9c2442f3-d060-455c-8619-429fc1f636be,0,3,6,0,2026-05-15 17:15:30.290883+00:00,3,Moderat
Ethical,fe0798a3-83e9-44d2-95a1-221b586c3572,b3dce006-accb-4498-91b6-9fce7b7a0304,22,2,4,0,2026-05-15 18:48:28.632151+00:00,24,Intens
Ethical,fe0798a3-83e9-44d2-95a1-221b586c3572,2464ec8a-8b02-4e4f-822f-d94bbc5e2681,17,3,6,0,2026-05-17 19:35:35.321535+00:00,20,Intens
Ethical,fe0798a3-83e9-44d2-95a1-221b586c3572,22859acb-5c55-453e-9af3-9278d3c7e61e,9,1,2,0,2026-05-21 09:18:06.797434+00:00,10,Ridicat
Ethical,fe0798a3-83e9-44d2-95a1-221b586c3572,4abe8216-5003-44db-909d-ae704c6bfcdf,0,5,10,0,2026-05-21 19:38:44.937295+00:00,5,Ridicat
