SessionId,UserId,Variant,Week,TTFB_sec,TTFB_min
0693d27f-e2db-4647-8f2d-58236d5961c5,86bc0ab8-10fd-4530-a85f-e9692caa6516,Dark,W1,196.2,3.27
06e27c85-c39d-4253-9afa-5376852200ec,6dbe7567-822c-4848-8772-826ffb43a6a0,Dark,W1,23.9,0.4
08057d8c-5210-4655-907c-a6d76e2d119b,72d999af-07ec-4415-974c-abf642c86538,Dark,W1,92.3,1.54
0bb4a571-632d-4b79-8770-8aa466772479,6b0900c8-6e37-4b5e-82cb-0a054540c6c3,Dark,W1,70.9,1.18
0bf4e399-c1eb-4185-b5d5-42c1c4abdbcb,e325cae0-ec05-405b-b39e-9d316f5a4c15,Ethical,W1,100.1,1.67
0c91e2eb-6716-463d-9632-5a8dbdf63a66,4500baff-cb06-46d3-ba87-68cc617bde5f,Dark,W1,46.4,0.77
0d3e0d7c-4823-40d9-855e-c661c6c38c3f,c99842c8-51e7-420e-b187-6cd2bbbd2242,Dark,W1,25.8,0.43
100b6604-7604-49bb-856a-5acea363b186,c99842c8-51e7-420e-b187-6cd2bbbd2242,Dark,W1,23.5,0.39
1177b591-4c5e-47b0-ac9c-27c598fadbe5,707a0648-f3ca-4d06-9b48-dab8e2a8b5af,Dark,W1,16.9,0.28
1267d0a0-2f4b-4fa4-bad4-026e2232ce82,9ad14b84-d581-426b-967c-9359c7b533f7,Dark,W1,18.0,0.3
1359cb9b-aa35-4bff-b05d-5ec63ad4cf3e,c8e5acc0-ddb4-478d-ad73-5654826e7355,Ethical,W1,53.9,0.9
1452e172-2dd6-49c7-b73b-19508e2fda5e,223f3159-6beb-4f7e-a535-707daa1a2f44,Ethical,W1,86.5,1.44
18b308f1-b9f4-4342-a11f-8231031cbd88,8df5a4ae-de1e-4a38-a512-df8910505396,Ethical,W1,140.1,2.34
18ee92d6-9432-4c14-bc39-4748c7d96cdc,3db6425f-73e7-4f7f-ab88-1134e097fd5b,Ethical,W1,13.7,0.23
1987be33-5230-432d-a836-23271e250816,707a0648-f3ca-4d06-9b48-dab8e2a8b5af,Dark,W1,45.9,0.76
1a9b02a8-116b-454c-9e9c-9b96d22c6a57,7def8a4d-8255-48b8-886f-191aec185e55,Dark,W1,69.2,1.15
1b3cd785-223a-4e2d-a4fd-aa0101fc107d,c99842c8-51e7-420e-b187-6cd2bbbd2242,Dark,W1,34.9,0.58
1c06185b-c843-45f6-98d5-b97aaa169e80,6dbe7567-822c-4848-8772-826ffb43a6a0,Dark,W1,21.7,0.36
1c829cc6-5e11-4e87-b05a-ea4dbb4a817e,b9119b29-1ad9-4429-a3d5-576d7e597947,Dark,W1,14.5,0.24
1dccb2af-4755-401e-8f45-4c9115c2592b,a7f1c0d2-9e34-4b88-8c21-0fd6b2e54a90,Dark,W1,39.0,0.65
1f430a43-b239-4f72-bb5a-6a786677b1a8,223f3159-6beb-4f7e-a535-707daa1a2f44,Ethical,W1,11.6,0.19
20cb07a1-9638-4bb0-9cac-1fe5b7dd9e95,3d2fb460-6aa3-4d4a-b52c-880aa756dda1,Dark,W1,37.3,0.62
20f65e99-8217-4b1b-9fc7-1df4dbf2a66f,c8171d1d-2e75-491c-be09-34bf9df581ff,Ethical,W1,53.5,0.89
21a0f24f-9cd1-41f9-a0ef-bfc8064c251c,8df5a4ae-de1e-4a38-a512-df8910505396,Ethical,W1,255.5,4.26
22859acb-5c55-453e-9af3-9278d3c7e61e,fe0798a3-83e9-44d2-95a1-221b586c3572,Ethical,W1,84.9,1.42
22cd2437-0fb4-4007-b546-cd6db951c591,7fb7c051-b362-40f7-8efa-2f2a7dc6206a,Ethical,W1,61.4,1.02
23559791-3987-44e5-b917-06cf7d405f3b,8d479225-84cc-4d0f-b3e6-3f61a2764b26,Ethical,W1,134.6,2.24
2397bd18-95b7-4197-bb4d-a7dd2a34ac36,0192cc80-656c-46f4-a092-118f895b5162,Dark,W1,31.6,0.53
241b2e2f-6971-4467-99c3-229defcd095b,e7e0cf4f-0487-427f-9edd-f5f7427b1058,Ethical,W1,13.9,0.23
244568b7-62c6-4cd2-8b43-b842c20f623d,e0ce78ab-5c37-4015-a43e-0327eca7d411,Ethical,W1,54.4,0.91
2464ec8a-8b02-4e4f-822f-d94bbc5e2681,fe0798a3-83e9-44d2-95a1-221b586c3572,Ethical,W1,51.8,0.86
2486ecb3-46bb-4605-a2d4-ec25584628f9,4500baff-cb06-46d3-ba87-68cc617bde5f,Dark,W1,11.5,0.19
256dd429-16cb-4433-a658-dcaba416f58a,223f3159-6beb-4f7e-a535-707daa1a2f44,Ethical,W1,160.4,2.67
257e6d22-f572-43e5-b819-57f8eaea6484,7fb7c051-b362-40f7-8efa-2f2a7dc6206a,Ethical,W1,85.2,1.42
2861af54-3ad0-431c-920d-8df6cf506b1e,6dbe7567-822c-4848-8772-826ffb43a6a0,Dark,W1,41.5,0.69
2970b23d-88a0-4885-916e-949ae65503c7,3d2fb460-6aa3-4d4a-b52c-880aa756dda1,Dark,W1,49.6,0.83
2b46a507-a15a-42c7-af8f-a7feb90ec1d1,86bc0ab8-10fd-4530-a85f-e9692caa6516,Dark,W1,43.4,0.72
2b824fa2-f9c7-4794-84dc-d1dcbd62c877,8777ceeb-c0fe-4f78-8e86-dd5428507c32,Ethical,W1,13.8,0.23
2bcd59d8-a6e5-4162-b579-af504edd025a,72d999af-07ec-4415-974c-abf642c86538,Dark,W1,62.9,1.05
2dd2ac9b-a530-4f77-af21-5f689bb8ddfa,e0ce78ab-5c37-4015-a43e-0327eca7d411,Ethical,W1,106.9,1.78
2e72dd6f-83d3-4522-a55b-030a52d14a30,e0ce78ab-5c37-4015-a43e-0327eca7d411,Ethical,W1,14.0,0.23
3306d291-d6fd-4516-9d0a-2ce6e70e9ac6,c8e5acc0-ddb4-478d-ad73-5654826e7355,Ethical,W1,123.1,2.05
332135f8-4ad6-4268-b177-517bf0578002,7fb7c051-b362-40f7-8efa-2f2a7dc6206a,Ethical,W1,15.9,0.26
33289fa4-3f41-4b10-b784-fe8c8ba054fa,6b0900c8-6e37-4b5e-82cb-0a054540c6c3,Dark,W1,202.6,3.38
335caf83-83b8-471e-9b96-5428ac2bd027,e53f6300-8b8a-4b7d-9acc-007b67a1a6bc,Dark,W1,63.9,1.06
341bedb4-caba-4883-8cd6-0fbdacf5e479,8d479225-84cc-4d0f-b3e6-3f61a2764b26,Ethical,W1,155.7,2.6
34d8ddac-0b96-46e5-b7ee-c7216bd99439,b9119b29-1ad9-4429-a3d5-576d7e597947,Dark,W1,23.7,0.39
35b798e5-650c-454b-bb33-502bba28fbf2,9ad14b84-d581-426b-967c-9359c7b533f7,Dark,W1,26.3,0.44
3666bf00-024b-4614-be66-137fabd01f14,6b0900c8-6e37-4b5e-82cb-0a054540c6c3,Dark,W1,26.3,0.44
367e17c4-7bbc-4a14-9396-6a6e4bb703dd,fcc80b9b-7241-4507-b3be-27e2268750fd,Dark,W1,17.4,0.29
3ccd7a66-c2d2-4db8-828b-714d9ad4901a,e53f6300-8b8a-4b7d-9acc-007b67a1a6bc,Dark,W1,41.9,0.7
3e12b5c4-6405-4ed6-9c6a-a1bb3576dd98,6b0900c8-6e37-4b5e-82cb-0a054540c6c3,Dark,W1,18.3,0.3
3faf0508-56ab-4875-9f39-dfa7e79a6a6c,c8e5acc0-ddb4-478d-ad73-5654826e7355,Ethical,W1,131.8,2.2
418f140f-3161-466a-96ff-634d3d18fe05,786b63d8-fe84-4031-90a0-ae201c76a678,Dark,W1,58.9,0.98
42268c7f-79c4-47ab-9ddc-65837c313eea,0192cc80-656c-46f4-a092-118f895b5162,Dark,W1,14.8,0.25
454debc3-f4a0-44a8-b9d9-c85a7c362081,786b63d8-fe84-4031-90a0-ae201c76a678,Dark,W1,15.9,0.26
46ec6570-6e60-413a-aa2e-4bdf7e84a330,6256d4b2-a7ef-479a-9793-0c1735f25e85,Ethical,W1,11.6,0.19
4a5f4534-3f44-4f72-b0e6-50b24e142984,9ad14b84-d581-426b-967c-9359c7b533f7,Dark,W1,39.9,0.66
4abe8216-5003-44db-909d-ae704c6bfcdf,fe0798a3-83e9-44d2-95a1-221b586c3572,Ethical,W1,53.7,0.9
4ce49073-e7eb-4406-86af-cb640d2e3e8f,e325cae0-ec05-405b-b39e-9d316f5a4c15,Ethical,W1,60.0,1.0
4d08ecca-54a3-43e0-aa8e-6fa864265f9f,27449488-f645-4afb-8574-6a2a866b48f4,Ethical,W1,12.3,0.2
4ee53f1c-9ed3-498e-9a6f-c1e5845f5f29,c8171d1d-2e75-491c-be09-34bf9df581ff,Ethical,W1,17.6,0.29
5262a330-6826-4eda-9691-b3f19f8d9641,7fb7c051-b362-40f7-8efa-2f2a7dc6206a,Ethical,W1,103.1,1.72
5344f4df-7e12-486f-81a9-c7a74d3a1637,c8171d1d-2e75-491c-be09-34bf9df581ff,Ethical,W1,83.5,1.39
548800af-943a-4a97-a3d1-b72b44c60a8b,a7f1c0d2-9e34-4b88-8c21-0fd6b2e54a90,Dark,W1,24.3,0.4
57804e0a-88e9-45de-9c64-8fbe32dcfb51,9ad14b84-d581-426b-967c-9359c7b533f7,Dark,W1,14.2,0.24
57c1e0ef-4b9e-4b7d-8590-c0e1d7bfe8ca,707a0648-f3ca-4d06-9b48-dab8e2a8b5af,Dark,W1,8.9,0.15
59da4ecd-c32d-4898-b36b-c4380d528771,9ad14b84-d581-426b-967c-9359c7b533f7,Dark,W1,29.2,0.49
5b741ac8-4d58-4673-9495-0532284c823f,6b0900c8-6e37-4b5e-82cb-0a054540c6c3,Dark,W1,42.3,0.71
60090f22-14e7-45b2-8d41-95dc855fcf6d,a7f1c0d2-9e34-4b88-8c21-0fd6b2e54a90,Dark,W1,37.9,0.63
634b2c8e-0ff9-4d85-b269-eca93050df61,223f3159-6beb-4f7e-a535-707daa1a2f44,Ethical,W1,89.5,1.49
63cc2ea9-a5be-4b34-b0a5-66a100673496,9ad14b84-d581-426b-967c-9359c7b533f7,Dark,W1,13.6,0.23
640e75f9-ee2f-4899-a475-3d2f5f82c8f8,36aaad1d-8604-4a99-a4a7-f03b15e839df,Ethical,W1,72.2,1.2
66d62e1c-9de8-427a-8ecc-7b10ba6cf9ef,e53f6300-8b8a-4b7d-9acc-007b67a1a6bc,Dark,W1,14.8,0.25
68b72e49-2250-4b57-9e0d-ff3c4f15bac9,707a0648-f3ca-4d06-9b48-dab8e2a8b5af,Dark,W1,21.2,0.35
697cf59c-7310-4686-8e38-f961dd69a7ce,6dbe7567-822c-4848-8772-826ffb43a6a0,Dark,W1,10.2,0.17
6b0149a5-66fe-4352-bdc9-51774970329d,786b63d8-fe84-4031-90a0-ae201c76a678,Dark,W1,61.5,1.02
6b58e5af-c859-4ac2-a6ec-2f85d063abad,7def8a4d-8255-48b8-886f-191aec185e55,Dark,W1,17.0,0.28
6d0225b4-e58c-4787-840f-c7dfe95c0310,707a0648-f3ca-4d06-9b48-dab8e2a8b5af,Dark,W1,11.8,0.2
6d3b20e5-618e-4a8c-92b2-71bd81471e86,e325cae0-ec05-405b-b39e-9d316f5a4c15,Ethical,W1,61.9,1.03
6d8f0e79-abd4-4fa0-9488-a61239f8ae19,72d999af-07ec-4415-974c-abf642c86538,Dark,W1,49.9,0.83
6db7f7f5-f8a2-4fcb-9a80-7db520c85c6c,86bc0ab8-10fd-4530-a85f-e9692caa6516,Dark,W1,74.1,1.24
6f990a87-03cc-4b7e-8ca0-bd86743f7553,a040f35e-2eff-400f-bcd2-ac2f4611e6da,Ethical,W1,12.7,0.21
70583872-cc8b-4ee6-a53d-3534be597701,c99842c8-51e7-420e-b187-6cd2bbbd2242,Dark,W1,38.7,0.65
71522277-5515-4db8-acb7-f31405a7e725,6dbe7567-822c-4848-8772-826ffb43a6a0,Dark,W1,13.4,0.22
7192c335-d66e-45e6-8bd9-7b762d4de9df,0192cc80-656c-46f4-a092-118f895b5162,Dark,W1,23.2,0.39
71df90e1-635c-4672-b27e-7850733c029e,36e9cf9e-9437-4894-9ae5-595d95117bc1,Dark,W1,47.2,0.79
7305abf5-5120-4701-936e-19d4e1a32367,c99842c8-51e7-420e-b187-6cd2bbbd2242,Dark,W1,36.6,0.61
7ad93564-de73-4b02-993a-1d5cef0b45cb,0192cc80-656c-46f4-a092-118f895b5162,Dark,W1,42.4,0.71
7b231b49-49e3-4fd1-a8dc-6e609a005a6c,ee0da921-8d1f-4bfa-bef0-375bda8d63b6,Dark,W1,22.2,0.37
7d903d68-3242-4809-8631-1631701d31b5,c8171d1d-2e75-491c-be09-34bf9df581ff,Ethical,W1,156.1,2.6
7f49a933-4d1f-47e4-9817-73dc71550616,707a0648-f3ca-4d06-9b48-dab8e2a8b5af,Dark,W1,7.8,0.13
801a3680-e7ec-4a61-80ef-61408fb36b6c,5be41bbb-503a-4a8c-a513-682f63de00a5,Ethical,W1,125.0,2.08
81669f1b-adcd-4663-8e3e-908732f6ff0c,c8e5acc0-ddb4-478d-ad73-5654826e7355,Ethical,W1,15.2,0.25
832b10bc-3614-444d-9d51-555ced2a310b,72d999af-07ec-4415-974c-abf642c86538,Dark,W1,47.8,0.8
83bacae2-fcb5-4d0e-af7d-243a00d241f0,786b63d8-fe84-4031-90a0-ae201c76a678,Dark,W1,37.0,0.62
85747586-46c8-4dd7-9e83-a4684ad3db9d,786b63d8-fe84-4031-90a0-ae201c76a678,Dark,W1,27.4,0.46
87638730-67df-4544-b50a-5ca7fc1bb6cd,a7f1c0d2-9e34-4b88-8c21-0fd6b2e54a90,Dark,W1,18.1,0.3
8aa00d17-7066-4eff-8b66-db1c4e11494c,d6692bfa-902b-4f99-997c-e8e794a36d21,Ethical,W1,93.1,1.55
8ac10922-39b7-429d-8ae6-fc09c87d44c0,786b63d8-fe84-4031-90a0-ae201c76a678,Dark,W1,12.4,0.21
8ade050d-6aa4-402a-8fc9-71150f691b82,72d999af-07ec-4415-974c-abf642c86538,Dark,W1,61.0,1.02
8d10d352-738d-4e60-ba21-6132643f839a,6f93687d-542d-42aa-9495-bb579b2a193e,Ethical,W1,13.5,0.22
8d182451-a94d-4a12-b4fa-4b7ccdc72c17,ee0da921-8d1f-4bfa-bef0-375bda8d63b6,Dark,W1,29.3,0.49
8d8b223a-0524-49dd-b68a-af8d4b455f9a,c99842c8-51e7-420e-b187-6cd2bbbd2242,Dark,W1,14.4,0.24
8f859346-8027-47f7-93c6-02a426b79f79,9ad14b84-d581-426b-967c-9359c7b533f7,Dark,W1,50.6,0.84
909bca16-60ce-4abd-9323-598919903452,5be41bbb-503a-4a8c-a513-682f63de00a5,Ethical,W1,17.2,0.29
945db5c6-9447-4b2f-be6c-af4254320e11,ee0da921-8d1f-4bfa-bef0-375bda8d63b6,Dark,W1,13.7,0.23
9483822a-25d1-4e28-9660-7e4e0ad13c66,e0ce78ab-5c37-4015-a43e-0327eca7d411,Ethical,W1,157.7,2.63
9b1abeb2-8614-4ab4-ada0-32608f1dd60e,a7f1c0d2-9e34-4b88-8c21-0fd6b2e54a90,Dark,W1,57.7,0.96
9c2442f3-d060-455c-8619-429fc1f636be,fe0798a3-83e9-44d2-95a1-221b586c3572,Ethical,W1,12.3,0.21
9d50d4b5-39cc-491b-99f1-1b6c61a6e095,6b0900c8-6e37-4b5e-82cb-0a054540c6c3,Dark,W1,15.6,0.26
9f31160f-0a53-4afb-8830-8caab58906d2,e7e0cf4f-0487-427f-9edd-f5f7427b1058,Ethical,W1,252.7,4.21
9f64622b-a11c-4079-9ae3-c46a9460d883,6dbe7567-822c-4848-8772-826ffb43a6a0,Dark,W1,12.3,0.21
a248a164-e5f4-4454-8530-5834343fb69f,ee0da921-8d1f-4bfa-bef0-375bda8d63b6,Dark,W1,45.8,0.76
a8615ba1-c620-4219-91ae-0ca9cc1ebf96,8df5a4ae-de1e-4a38-a512-df8910505396,Ethical,W1,16.7,0.28
a8ee7678-a87b-4147-b870-14bffaabada6,e53f6300-8b8a-4b7d-9acc-007b67a1a6bc,Dark,W1,55.2,0.92
a9381cbc-abd0-483a-8522-7f7899e068ce,e53f6300-8b8a-4b7d-9acc-007b67a1a6bc,Dark,W1,14.1,0.24
ab07a362-8810-4d31-a93c-59145c653c52,8d479225-84cc-4d0f-b3e6-3f61a2764b26,Ethical,W1,113.9,1.9
abdfda56-e714-43f9-9333-4f79088e78b5,e53f6300-8b8a-4b7d-9acc-007b67a1a6bc,Dark,W1,13.7,0.23
ad1a9362-4920-4de8-a4d4-4b473fec9ee8,e53f6300-8b8a-4b7d-9acc-007b67a1a6bc,Dark,W1,63.6,1.06
ad6dcef0-63c1-48a9-b48a-fdca87f34d61,d6692bfa-902b-4f99-997c-e8e794a36d21,Ethical,W1,57.6,0.96
ad7e646e-f008-4cc0-b4b7-e916c78cda40,4500baff-cb06-46d3-ba87-68cc617bde5f,Dark,W1,82.2,1.37
ade8dbcb-623c-4b30-b74b-5feb4ffa3d14,36aaad1d-8604-4a99-a4a7-f03b15e839df,Ethical,W1,61.6,1.03
ae2e6d01-ed4a-44b4-8862-e9b177c80f96,7def8a4d-8255-48b8-886f-191aec185e55,Dark,W1,41.6,0.69
afe25a89-180f-47d5-884b-571fbb0ed58e,7ae04994-1f9b-4233-9c51-0cee3bf1320c,Ethical,W1,11.6,0.19
b1bf9899-dbb4-413b-b03a-f49f8557ecca,786b63d8-fe84-4031-90a0-ae201c76a678,Dark,W1,38.2,0.64
b22d91b4-d84c-43d0-ac49-ba706dac21fc,fda732af-1a91-41d6-b91e-15ee3098151f,Dark,W1,18.1,0.3
b238fc78-5738-4666-9973-e323b785eaa1,e325cae0-ec05-405b-b39e-9d316f5a4c15,Ethical,W1,67.7,1.13
b3dce006-accb-4498-91b6-9fce7b7a0304,fe0798a3-83e9-44d2-95a1-221b586c3572,Ethical,W1,80.0,1.33
b4cbcb26-e42a-4b51-90dd-44a63dd67d21,86bc0ab8-10fd-4530-a85f-e9692caa6516,Dark,W1,17.6,0.29
b6677005-9aa6-4a04-a58f-3aa76767308c,a7f1c0d2-9e34-4b88-8c21-0fd6b2e54a90,Dark,W1,39.5,0.66
baf69c81-1c3d-4eda-9f23-d7a7d7838306,223f3159-6beb-4f7e-a535-707daa1a2f44,Ethical,W1,116.5,1.94
be521c00-7176-484e-af15-497e81e1bc90,36e9cf9e-9437-4894-9ae5-595d95117bc1,Dark,W1,15.9,0.26
c4299d89-1ee1-49f7-81bf-d8d27583a28a,a040f35e-2eff-400f-bcd2-ac2f4611e6da,Ethical,W1,82.1,1.37
c4a6a60c-0a77-40c8-8092-c9d40fced3c5,72d999af-07ec-4415-974c-abf642c86538,Dark,W1,58.7,0.98
c529e916-323f-4c04-9889-f71c0e7ecffb,e325cae0-ec05-405b-b39e-9d316f5a4c15,Ethical,W1,16.8,0.28
c55815c8-084b-404c-9f6a-88cec6140acb,ee0da921-8d1f-4bfa-bef0-375bda8d63b6,Dark,W1,24.7,0.41
c600ec62-6581-4275-a44c-25a0deb7b363,b9119b29-1ad9-4429-a3d5-576d7e597947,Dark,W1,38.3,0.64
c6292da2-723a-4710-8582-4e0135a787f7,6dbe7567-822c-4848-8772-826ffb43a6a0,Dark,W1,14.1,0.23
c7014b96-c30d-4aec-add3-535e46982bf7,8777ceeb-c0fe-4f78-8e86-dd5428507c32,Ethical,W1,18.2,0.3
c7030fac-a9cf-41ff-abda-6bf6c072ac14,36aaad1d-8604-4a99-a4a7-f03b15e839df,Ethical,W1,16.2,0.27
c9458778-68da-4dbd-af2d-eb9922f2dcb3,707a0648-f3ca-4d06-9b48-dab8e2a8b5af,Dark,W1,14.1,0.24
caa18627-3e7a-4e6d-a624-81c7f4413b32,72d999af-07ec-4415-974c-abf642c86538,Dark,W1,14.1,0.23
cc898434-9157-4ad6-9645-248f35e27df0,c8171d1d-2e75-491c-be09-34bf9df581ff,Ethical,W1,84.3,1.4
cca366fe-753f-45ef-a04e-bf5b6f8cb7ac,86bc0ab8-10fd-4530-a85f-e9692caa6516,Dark,W1,108.7,1.81
ced4a8b7-25f8-4409-8ad7-c1b940f59c6a,e325cae0-ec05-405b-b39e-9d316f5a4c15,Ethical,W1,163.4,2.72
d32b0b78-1e81-459e-8811-6bcd0c444d51,36aaad1d-8604-4a99-a4a7-f03b15e839df,Ethical,W1,72.8,1.21
d7071c63-b004-4c2a-93e9-f3318ae13fce,3db6425f-73e7-4f7f-ab88-1134e097fd5b,Ethical,W1,116.8,1.95
da23c500-ce44-4162-9d51-1df28a1e6423,d6692bfa-902b-4f99-997c-e8e794a36d21,Ethical,W1,12.4,0.21
dbec0815-ca5b-40d3-90b4-837a33b3f543,ee0da921-8d1f-4bfa-bef0-375bda8d63b6,Dark,W1,35.9,0.6
dc232752-a6f0-4dfd-862f-ae4af12f3257,707a0648-f3ca-4d06-9b48-dab8e2a8b5af,Dark,W1,13.8,0.23
dce7607b-ef4a-41f6-b9a0-c7aa34f7df49,3db6425f-73e7-4f7f-ab88-1134e097fd5b,Ethical,W1,70.2,1.17
dd4c475c-cf78-47ad-bcc6-117538d3c20d,6b0900c8-6e37-4b5e-82cb-0a054540c6c3,Dark,W1,32.8,0.55
deea2013-1294-48ca-adc3-f5e13d9e6e89,ee0da921-8d1f-4bfa-bef0-375bda8d63b6,Dark,W1,59.6,0.99
df2a464a-3860-427a-ada9-7acf9395b7ee,8d479225-84cc-4d0f-b3e6-3f61a2764b26,Ethical,W1,14.7,0.25
e554205f-3912-44aa-8ab7-347d471c2618,3db6425f-73e7-4f7f-ab88-1134e097fd5b,Ethical,W1,13.8,0.23
e6750ad9-59df-48bc-bc52-d375ff1b572a,5717abd6-5f8a-465f-a412-2a5bfa11c564,Dark,W1,13.6,0.23
e92763c1-ea53-4de1-bc56-2603b4603153,a7f1c0d2-9e34-4b88-8c21-0fd6b2e54a90,Dark,W1,88.6,1.48
eb0471a0-aca1-4482-9e46-833207c05b59,b9119b29-1ad9-4429-a3d5-576d7e597947,Dark,W1,54.1,0.9
ec3432cd-cd7f-4de5-af71-91d78388b426,8d479225-84cc-4d0f-b3e6-3f61a2764b26,Ethical,W1,68.1,1.13
ee715482-7b06-45b4-a3de-1e6bc1856445,3d2fb460-6aa3-4d4a-b52c-880aa756dda1,Dark,W1,17.9,0.3
efa8fdb9-6997-4509-b477-641ecbc4edf7,a7f1c0d2-9e34-4b88-8c21-0fd6b2e54a90,Dark,W1,36.0,0.6
efed77cf-4a69-4d85-9d0f-4c6939d28bef,ee0da921-8d1f-4bfa-bef0-375bda8d63b6,Dark,W1,60.2,1.0
f06a0030-be63-49ed-8272-409b5fbcb568,e53f6300-8b8a-4b7d-9acc-007b67a1a6bc,Dark,W1,49.0,0.82
f148aa3e-005c-4ea1-b144-36b898a2bce4,8d479225-84cc-4d0f-b3e6-3f61a2764b26,Ethical,W1,104.4,1.74
f16a6289-c4e1-418e-95fa-28b373a4ecaa,c99842c8-51e7-420e-b187-6cd2bbbd2242,Dark,W1,59.0,0.98
f36c6f66-96b9-42a6-bd39-2e634f36de5c,e325cae0-ec05-405b-b39e-9d316f5a4c15,Ethical,W1,123.4,2.06
f5a88305-1e3f-4cae-bc50-39e1303203bd,b9119b29-1ad9-4429-a3d5-576d7e597947,Dark,W1,20.0,0.33
f742e68f-743e-4ef5-bb70-47219cc4a715,c99842c8-51e7-420e-b187-6cd2bbbd2242,Dark,W1,37.0,0.62
f79d5f7e-2d05-40fa-a0e1-5c6fb3cf608d,d6692bfa-902b-4f99-997c-e8e794a36d21,Ethical,W1,128.4,2.14
f891b6f8-a4aa-41c1-8b03-65ce167b03f7,9ad14b84-d581-426b-967c-9359c7b533f7,Dark,W1,15.8,0.26
f8b900e8-642a-46ad-a84b-c36b6bed4825,ee0da921-8d1f-4bfa-bef0-375bda8d63b6,Dark,W1,31.0,0.52
fb9745cf-9308-4cf7-84bb-648dfc23d115,7def8a4d-8255-48b8-886f-191aec185e55,Dark,W1,15.8,0.26
fbf9c242-4bda-464e-ae90-0af5200b739d,c8e5acc0-ddb4-478d-ad73-5654826e7355,Ethical,W1,68.2,1.14
fdd889d4-c31c-4c26-a470-8e1fcec84bec,e325cae0-ec05-405b-b39e-9d316f5a4c15,Ethical,W1,101.6,1.69
ffc54c98-83a0-47d2-9b07-03d094da482a,36aaad1d-8604-4a99-a4a7-f03b15e839df,Ethical,W1,68.1,1.14
ffc86a84-e9d3-4bc6-ad5c-d2689a8effd7,7def8a4d-8255-48b8-886f-191aec185e55,Dark,W1,36.9,0.62
017de964-78ee-42ee-aff6-4942c48e3f24,b9119b29-1ad9-4429-a3d5-576d7e597947,Ethical,W2,42.3,0.71
02cc4526-a142-4639-83e4-0f83b8cd7966,72d999af-07ec-4415-974c-abf642c86538,Ethical,W2,84.6,1.41
04460e27-fd61-4bd3-87b4-3a0caca69e21,27449488-f645-4afb-8574-6a2a866b48f4,Dark,W2,32.0,0.53
0542ce0a-60e9-4fc2-89b8-1a941eafa2ce,e325cae0-ec05-405b-b39e-9d316f5a4c15,Dark,W2,28.5,0.47
0558d36e-88a2-4b70-8db6-ba7550c8eda8,3d2fb460-6aa3-4d4a-b52c-880aa756dda1,Ethical,W2,43.7,0.73
05f5a0dd-fe08-4f8d-98bb-e985436066ef,c99842c8-51e7-420e-b187-6cd2bbbd2242,Ethical,W2,15.8,0.26
085e0685-9456-4a95-9fc1-afbc86313071,fe0798a3-83e9-44d2-95a1-221b586c3572,Dark,W2,20.4,0.34
091922cf-e051-403c-8fe0-552c1e7cce1e,86bc0ab8-10fd-4530-a85f-e9692caa6516,Ethical,W2,48.2,0.8
095dcc80-255b-4665-90ee-ce0995571846,fda732af-1a91-41d6-b91e-15ee3098151f,Ethical,W2,42.1,0.7
0c2275f8-b767-4fb7-b439-8d8fec8f9018,4500baff-cb06-46d3-ba87-68cc617bde5f,Ethical,W2,58.6,0.98
0c9eb1fa-3f7c-4e8d-bc57-1953b5f7eafe,4500baff-cb06-46d3-ba87-68cc617bde5f,Ethical,W2,24.9,0.42
0ebada42-34bc-425e-901a-402fb00a2e5f,8df5a4ae-de1e-4a38-a512-df8910505396,Dark,W2,41.2,0.69
0f832e72-9a3e-45c2-aa55-8410a3c8d7a9,8df5a4ae-de1e-4a38-a512-df8910505396,Dark,W2,16.9,0.28
10a0729b-b802-4c45-83bd-f73887932ab5,9ad14b84-d581-426b-967c-9359c7b533f7,Ethical,W2,49.4,0.82
11704ef8-cbab-4c63-87c7-8dc60d086307,c8171d1d-2e75-491c-be09-34bf9df581ff,Dark,W2,32.4,0.54
126ff75b-1134-4051-a4a4-48f6cda4459e,9ad14b84-d581-426b-967c-9359c7b533f7,Ethical,W2,89.4,1.49
127fd932-0834-4ccb-bdf5-b8cce4480d8d,6256d4b2-a7ef-479a-9793-0c1735f25e85,Dark,W2,32.8,0.55
15fcb91a-4e07-4891-82fe-6f1a1f115f24,223f3159-6beb-4f7e-a535-707daa1a2f44,Dark,W2,28.0,0.47
17773a48-9ced-4dd2-a0d7-4d21d4fc8ed7,a7f1c0d2-9e34-4b88-8c21-0fd6b2e54a90,Ethical,W2,94.5,1.57
1890d9c4-1a99-4c6d-ba61-6a738a44975d,5717abd6-5f8a-465f-a412-2a5bfa11c564,Ethical,W2,287.9,4.8
1c82643b-b910-4161-a71a-75f09c4fa326,5be41bbb-503a-4a8c-a513-682f63de00a5,Dark,W2,121.6,2.03
1ccad236-eb2c-4c42-aa91-1ce8bd37d0b9,4500baff-cb06-46d3-ba87-68cc617bde5f,Ethical,W2,56.3,0.94
22489881-1d0b-4840-b348-3ed25be79abb,e325cae0-ec05-405b-b39e-9d316f5a4c15,Dark,W2,10.5,0.17
22ad1f88-6997-432a-8b89-497e1bd04673,c8e5acc0-ddb4-478d-ad73-5654826e7355,Dark,W2,121.0,2.02
22c6879f-8840-4fb5-aa3c-c63f4ca20b4e,3db6425f-73e7-4f7f-ab88-1134e097fd5b,Dark,W2,180.5,3.01
24170b82-3cf4-488d-8da0-f0a12e82dc40,7ae04994-1f9b-4233-9c51-0cee3bf1320c,Dark,W2,200.8,3.35
26488696-eedd-46ab-a4f6-9b71a05b75b3,3d2fb460-6aa3-4d4a-b52c-880aa756dda1,Ethical,W2,52.8,0.88
279c92e0-88aa-4760-9413-a10726ade2fa,27449488-f645-4afb-8574-6a2a866b48f4,Dark,W2,49.1,0.82
27dcbb55-5fdd-4fe1-a06e-84ac1f75673a,72d999af-07ec-4415-974c-abf642c86538,Ethical,W2,86.0,1.43
285a6f88-63c1-4331-80fd-0fb2a4db2fd7,223f3159-6beb-4f7e-a535-707daa1a2f44,Dark,W2,63.9,1.07
2877c2df-93b9-4fed-8d3d-384d473d6bd1,27449488-f645-4afb-8574-6a2a866b48f4,Dark,W2,66.7,1.11
28b1f242-6a4d-45dc-954a-e42ae1bff168,86bc0ab8-10fd-4530-a85f-e9692caa6516,Ethical,W2,14.1,0.24
2934752e-e416-4e51-b949-fceff178c8dd,b9119b29-1ad9-4429-a3d5-576d7e597947,Ethical,W2,128.4,2.14
295839f5-6b69-466f-87d7-2a61e2def1e6,8777ceeb-c0fe-4f78-8e86-dd5428507c32,Dark,W2,38.3,0.64
2a4882df-0967-4203-a7c7-65162f2889bd,ee0da921-8d1f-4bfa-bef0-375bda8d63b6,Ethical,W2,99.2,1.65
2b505051-20e0-440d-9773-6b8e59f4873b,8777ceeb-c0fe-4f78-8e86-dd5428507c32,Dark,W2,22.1,0.37
2c6104b9-021f-4a38-b8ee-8733c1a2daca,e53f6300-8b8a-4b7d-9acc-007b67a1a6bc,Ethical,W2,47.1,0.78
2e765b8f-d013-4ce5-80d6-f4363d749204,e0ce78ab-5c37-4015-a43e-0327eca7d411,Dark,W2,47.0,0.78
2ef8bc67-a68f-43db-b61b-e99dfec1942e,7fb7c051-b362-40f7-8efa-2f2a7dc6206a,Dark,W2,11.6,0.19
2ffa613e-759c-446b-a6a2-e9fd5ec898da,d6692bfa-902b-4f99-997c-e8e794a36d21,Dark,W2,111.2,1.85
30917d2b-6c72-40c5-80fb-81d789b3ba3c,9ad14b84-d581-426b-967c-9359c7b533f7,Ethical,W2,36.2,0.6
309e8d3b-1c7e-459a-957c-f88dabc97083,707a0648-f3ca-4d06-9b48-dab8e2a8b5af,Ethical,W2,31.9,0.53
331a3855-ecb8-45da-a894-009de807c67d,86bc0ab8-10fd-4530-a85f-e9692caa6516,Ethical,W2,37.6,0.63
3439e449-2fa6-49e4-8bfb-889f1d1bcc5c,e53f6300-8b8a-4b7d-9acc-007b67a1a6bc,Ethical,W2,109.9,1.83
34cf1c30-d018-438f-b747-47e6c9bcca57,3d2fb460-6aa3-4d4a-b52c-880aa756dda1,Ethical,W2,72.1,1.2
357a3625-9141-422f-9773-eef2e0bc4a8e,7def8a4d-8255-48b8-886f-191aec185e55,Ethical,W2,68.4,1.14
3830ff46-1319-4d6c-ad07-a19f054fcb23,a040f35e-2eff-400f-bcd2-ac2f4611e6da,Dark,W2,16.0,0.27
386a8223-ece0-4a2e-8beb-e0c983a767fb,3d2fb460-6aa3-4d4a-b52c-880aa756dda1,Ethical,W2,97.4,1.62
3933e8b5-f2de-4d84-9cc9-348b967055ad,6dbe7567-822c-4848-8772-826ffb43a6a0,Ethical,W2,43.9,0.73
394e325d-1a39-41e1-b17f-da372ed29026,36e9cf9e-9437-4894-9ae5-595d95117bc1,Ethical,W2,158.5,2.64
3a1ffda0-3e44-4dbf-9051-9c70e7a547c3,3db6425f-73e7-4f7f-ab88-1134e097fd5b,Dark,W2,67.3,1.12
3ab45df4-f333-463d-9b29-53d5a1de0995,8df5a4ae-de1e-4a38-a512-df8910505396,Dark,W2,29.8,0.5
3cfda626-6388-4e82-8904-f88acf8c4db2,a040f35e-2eff-400f-bcd2-ac2f4611e6da,Dark,W2,17.4,0.29
403d18fe-0773-4003-950e-15759ecfbc0c,c8e5acc0-ddb4-478d-ad73-5654826e7355,Dark,W2,78.3,1.3
40f3683e-c69b-46bf-b7d7-882d64f99c02,786b63d8-fe84-4031-90a0-ae201c76a678,Ethical,W2,56.6,0.94
43e99443-30bc-4208-8f2a-9c3e98ea5c7e,7fb7c051-b362-40f7-8efa-2f2a7dc6206a,Dark,W2,79.5,1.33
4923dbc5-5fd7-4e29-958c-13f93a369837,3d2fb460-6aa3-4d4a-b52c-880aa756dda1,Ethical,W2,91.6,1.53
49a5284c-71ad-4849-a9fd-1b53b7893bc5,6dbe7567-822c-4848-8772-826ffb43a6a0,Ethical,W2,72.2,1.2
49f13f3e-6aef-453b-8253-6b36c86cf833,3d2fb460-6aa3-4d4a-b52c-880aa756dda1,Ethical,W2,44.9,0.75
4b026aa3-690f-4050-832a-a850d566a271,7fb7c051-b362-40f7-8efa-2f2a7dc6206a,Dark,W2,24.9,0.42
4c881c79-6b42-4f5a-9e60-7f67159a29e3,fda732af-1a91-41d6-b91e-15ee3098151f,Ethical,W2,60.9,1.02
4cc70498-283c-448c-9fd2-9750d77dc4ab,4500baff-cb06-46d3-ba87-68cc617bde5f,Ethical,W2,51.5,0.86
4d0d8c3a-1a71-48e6-b3c5-4080477d2921,e325cae0-ec05-405b-b39e-9d316f5a4c15,Dark,W2,32.9,0.55
4e7a533b-aa6b-487f-9f69-f08b8a022c23,7ae04994-1f9b-4233-9c51-0cee3bf1320c,Dark,W2,165.2,2.75
4ec05b01-5760-4bc7-8873-e715dcee0edf,72d999af-07ec-4415-974c-abf642c86538,Ethical,W2,118.1,1.97
4f230361-7fac-47ba-b511-692c27eb89f3,e325cae0-ec05-405b-b39e-9d316f5a4c15,Dark,W2,19.3,0.32
4f2c9e0e-0c4b-451d-8f44-30cb881f85ff,36e9cf9e-9437-4894-9ae5-595d95117bc1,Ethical,W2,82.4,1.37
50e60d65-c31f-44da-9e28-0dd18cdf98ab,707a0648-f3ca-4d06-9b48-dab8e2a8b5af,Ethical,W2,100.4,1.67
547018a5-9764-4913-a05f-78fedca3b1de,8d479225-84cc-4d0f-b3e6-3f61a2764b26,Dark,W2,53.0,0.88
5537ad8c-a73d-4c37-b072-863c5f89d73e,223f3159-6beb-4f7e-a535-707daa1a2f44,Dark,W2,24.7,0.41
55ec2e03-c663-4a84-9149-ffa5e5efe954,8d479225-84cc-4d0f-b3e6-3f61a2764b26,Dark,W2,63.7,1.06
55f45f66-34a6-4699-9517-4a923469e84c,9ad14b84-d581-426b-967c-9359c7b533f7,Ethical,W2,59.0,0.98
578d5a49-0037-47ca-96e3-653bdbfb8b61,72d999af-07ec-4415-974c-abf642c86538,Ethical,W2,43.7,0.73
5835dbad-45e0-447e-94c9-a01b0c5a166e,707a0648-f3ca-4d06-9b48-dab8e2a8b5af,Ethical,W2,15.5,0.26
5de55731-adfe-4ab3-9b8d-545e232c459d,8d479225-84cc-4d0f-b3e6-3f61a2764b26,Dark,W2,20.6,0.34
5fdab7af-4f51-4b93-aaec-67f424aa1634,707a0648-f3ca-4d06-9b48-dab8e2a8b5af,Ethical,W2,40.6,0.68
5ff055eb-9616-4606-a371-4386588ee54d,e325cae0-ec05-405b-b39e-9d316f5a4c15,Dark,W2,16.3,0.27
62011583-6d41-4350-9610-54f1efe16a83,c8171d1d-2e75-491c-be09-34bf9df581ff,Dark,W2,36.0,0.6
64064709-6503-48b0-9358-d555cd9954fc,7ae04994-1f9b-4233-9c51-0cee3bf1320c,Dark,W2,77.9,1.3
6495f000-702f-4b57-8904-3ae7c00564da,86bc0ab8-10fd-4530-a85f-e9692caa6516,Ethical,W2,63.3,1.05
655a43cf-8643-4886-b3e5-ee610d3e9e4b,8777ceeb-c0fe-4f78-8e86-dd5428507c32,Dark,W2,54.5,0.91
685f4f31-9a79-41cd-b958-be1316a384eb,6dbe7567-822c-4848-8772-826ffb43a6a0,Ethical,W2,22.3,0.37
6b74bfab-a3f2-44a4-85d3-0d2fd2dde7e0,a7f1c0d2-9e34-4b88-8c21-0fd6b2e54a90,Ethical,W2,163.3,2.72
6d222111-07d9-49f7-9bfb-80290b50df06,3db6425f-73e7-4f7f-ab88-1134e097fd5b,Dark,W2,114.3,1.9
6efbbb83-b8e7-4843-b5f0-1ab00e73c14d,4500baff-cb06-46d3-ba87-68cc617bde5f,Ethical,W2,70.6,1.18
738d18c1-27ae-42ae-9d61-e71a6b4e92bb,707a0648-f3ca-4d06-9b48-dab8e2a8b5af,Ethical,W2,32.2,0.54
73f04644-3678-48eb-9b4a-58f60dc31d18,86bc0ab8-10fd-4530-a85f-e9692caa6516,Ethical,W2,61.1,1.02
7567eaa8-8489-4155-b801-c31675254f48,8d479225-84cc-4d0f-b3e6-3f61a2764b26,Dark,W2,53.9,0.9
75d03928-2029-42d2-8e55-ba6d265eca12,ee0da921-8d1f-4bfa-bef0-375bda8d63b6,Ethical,W2,83.6,1.39
7648bacc-8a56-4c62-9c3f-dfa7d6ecfb62,707a0648-f3ca-4d06-9b48-dab8e2a8b5af,Ethical,W2,90.5,1.51
78ca5556-ccf6-4a7b-9aaa-9d232a925d5e,e325cae0-ec05-405b-b39e-9d316f5a4c15,Dark,W2,28.8,0.48
7a915f60-46f4-4dc3-b430-8eff47deb18f,3db6425f-73e7-4f7f-ab88-1134e097fd5b,Dark,W2,68.0,1.13
7b1c3cbd-e645-4882-9808-bffade02c7ef,a040f35e-2eff-400f-bcd2-ac2f4611e6da,Dark,W2,56.3,0.94
7bddfd5d-03bd-4482-945d-5f0a43621e06,8d479225-84cc-4d0f-b3e6-3f61a2764b26,Dark,W2,88.8,1.48
7e0c68f6-3df8-4cb3-9d39-a194ab9f4a84,3d2fb460-6aa3-4d4a-b52c-880aa756dda1,Ethical,W2,52.5,0.88
7e4926cb-c648-432e-8980-db3ce306d2b5,a040f35e-2eff-400f-bcd2-ac2f4611e6da,Dark,W2,59.5,0.99
7e6fe803-52d9-4f77-bf5e-d0e8101d674e,b9119b29-1ad9-4429-a3d5-576d7e597947,Ethical,W2,51.5,0.86
7fedce35-4d17-4384-b680-45806e76ad0e,707a0648-f3ca-4d06-9b48-dab8e2a8b5af,Ethical,W2,52.4,0.87
81577602-b78d-4955-aea6-12c449021ee0,3db6425f-73e7-4f7f-ab88-1134e097fd5b,Dark,W2,63.9,1.06
82854dc5-779c-425e-9331-5090c24f106d,6b0900c8-6e37-4b5e-82cb-0a054540c6c3,Ethical,W2,71.5,1.19
838623a9-6ccb-49a4-9f89-3741e32fb3b5,c8e5acc0-ddb4-478d-ad73-5654826e7355,Dark,W2,44.4,0.74
83cd917c-815b-4aa6-8ef1-882786b6f0bf,6256d4b2-a7ef-479a-9793-0c1735f25e85,Dark,W2,16.3,0.27
846e1ae1-3978-45df-a8f7-d4cebf4e0303,c99842c8-51e7-420e-b187-6cd2bbbd2242,Ethical,W2,60.1,1.0
84f3e1fd-5a2a-4d37-a5c9-14ed734fba44,e53f6300-8b8a-4b7d-9acc-007b67a1a6bc,Ethical,W2,109.2,1.82
85cc69c0-d5e6-419e-8cf6-3fbf37af6fdb,b9119b29-1ad9-4429-a3d5-576d7e597947,Ethical,W2,84.2,1.4
879c87c2-c95f-4893-bf32-4d1e31300d59,86bc0ab8-10fd-4530-a85f-e9692caa6516,Ethical,W2,17.7,0.3
88fa74fb-2549-4a42-966f-8102145d77fa,a7f1c0d2-9e34-4b88-8c21-0fd6b2e54a90,Ethical,W2,65.2,1.09
8924c567-290c-41d7-8605-7b42c1f7cf60,7ae04994-1f9b-4233-9c51-0cee3bf1320c,Dark,W2,30.2,0.5
895ef9b6-a258-480d-8c17-22526600790a,6dbe7567-822c-4848-8772-826ffb43a6a0,Ethical,W2,45.4,0.76
8a34d96e-26a5-4747-a23d-12db44b56f68,e0ce78ab-5c37-4015-a43e-0327eca7d411,Dark,W2,68.8,1.15
8abe6f03-edcc-4a25-a056-eacc7a2acb99,e7e0cf4f-0487-427f-9edd-f5f7427b1058,Dark,W2,98.7,1.64
8ac07013-47e4-42d0-a28d-a8e802ebd435,8d479225-84cc-4d0f-b3e6-3f61a2764b26,Dark,W2,27.7,0.46
8c60585b-558a-43c4-a894-a357bd380ce3,8d479225-84cc-4d0f-b3e6-3f61a2764b26,Dark,W2,34.3,0.57
8d47bb7b-7e02-44dd-a4a9-7bb8cd079df4,8d479225-84cc-4d0f-b3e6-3f61a2764b26,Dark,W2,128.1,2.14
8dc4fe21-cd6b-451d-85cc-923e5f716e71,e0ce78ab-5c37-4015-a43e-0327eca7d411,Dark,W2,13.8,0.23
8e6d83cb-fe8d-4276-bdc8-71e74564fe19,5717abd6-5f8a-465f-a412-2a5bfa11c564,Ethical,W2,84.9,1.41
8f143181-be6a-40ff-aeb6-c6ef80750a34,e53f6300-8b8a-4b7d-9acc-007b67a1a6bc,Ethical,W2,51.1,0.85
8f81914c-edd0-40f1-9d85-30bc677f6253,fe0798a3-83e9-44d2-95a1-221b586c3572,Dark,W2,11.5,0.19
9052a89f-8b9e-40c3-8110-9871c27fc225,86bc0ab8-10fd-4530-a85f-e9692caa6516,Ethical,W2,69.0,1.15
9155a2c0-cb30-418d-8765-95974233d2a4,3db6425f-73e7-4f7f-ab88-1134e097fd5b,Dark,W2,206.5,3.44
91684374-4ccd-46a1-aea9-a74a943d89ce,36e9cf9e-9437-4894-9ae5-595d95117bc1,Ethical,W2,55.4,0.92
91ddc9af-68c6-45d5-9312-bbd4ac74d1bd,e53f6300-8b8a-4b7d-9acc-007b67a1a6bc,Ethical,W2,124.5,2.07
952bad54-5eb5-4ccf-9da1-eda058c3227e,8777ceeb-c0fe-4f78-8e86-dd5428507c32,Dark,W2,41.0,0.68
99db1141-5e4a-4a8f-976f-8ae6b395fe7a,0192cc80-656c-46f4-a092-118f895b5162,Ethical,W2,50.4,0.84
9b04e85e-b4fa-4bb2-94df-ad48880386f9,786b63d8-fe84-4031-90a0-ae201c76a678,Ethical,W2,72.5,1.21
9b345096-d2c3-44cc-b7be-1c853d04463b,27449488-f645-4afb-8574-6a2a866b48f4,Dark,W2,23.1,0.39
9cdfff0c-c2a1-4157-b11e-0a57031a2b72,36aaad1d-8604-4a99-a4a7-f03b15e839df,Dark,W2,20.6,0.34
a0ad9898-99e0-4d4b-9d38-7a7543fa1bed,3d2fb460-6aa3-4d4a-b52c-880aa756dda1,Ethical,W2,78.3,1.3
a1ce282d-9337-4b81-b0c1-2388e9afd5d2,a7f1c0d2-9e34-4b88-8c21-0fd6b2e54a90,Ethical,W2,65.5,1.09
a2a990fc-78bb-4aa0-9f06-f03f5a50284d,223f3159-6beb-4f7e-a535-707daa1a2f44,Dark,W2,26.9,0.45
a2fa7c5c-9c63-40d2-95de-8bce015ba92f,0192cc80-656c-46f4-a092-118f895b5162,Ethical,W2,15.3,0.26
a4c8e9b7-3b3d-486b-8147-9353042d43f4,a7f1c0d2-9e34-4b88-8c21-0fd6b2e54a90,Ethical,W2,109.1,1.82
a59a875c-9228-4fb2-aea4-814f01be0eb0,c8171d1d-2e75-491c-be09-34bf9df581ff,Dark,W2,53.9,0.9
a5e68db2-b673-4901-a08d-a99ffe7c9147,e53f6300-8b8a-4b7d-9acc-007b67a1a6bc,Ethical,W2,75.4,1.26
a77709f3-46b7-4e76-8d7b-9322a1365a06,27449488-f645-4afb-8574-6a2a866b48f4,Dark,W2,16.5,0.28
a9f0aaf2-19f8-4572-b729-67df5ecb2b47,9ad14b84-d581-426b-967c-9359c7b533f7,Ethical,W2,77.9,1.3
aab8b358-8d22-4d52-889b-877c2cf5c937,36aaad1d-8604-4a99-a4a7-f03b15e839df,Dark,W2,11.7,0.19
ad252f54-7183-4e22-ad38-183fcf5066f5,b9119b29-1ad9-4429-a3d5-576d7e597947,Ethical,W2,78.7,1.31
ae7b5d32-29d6-4470-a9b6-117fefc0a822,7def8a4d-8255-48b8-886f-191aec185e55,Ethical,W2,62.3,1.04
af118b90-c31a-44f4-96e3-e1fb95900831,0192cc80-656c-46f4-a092-118f895b5162,Ethical,W2,54.4,0.91
b0602c38-8946-42ff-8dab-e426ee7e8ee1,0192cc80-656c-46f4-a092-118f895b5162,Ethical,W2,46.3,0.77
b0aae049-19ce-4972-93f1-11d49ded2538,6f93687d-542d-42aa-9495-bb579b2a193e,Dark,W2,35.4,0.59
b0bade58-68e8-4d07-897c-60716df7cf8c,c8e5acc0-ddb4-478d-ad73-5654826e7355,Dark,W2,39.3,0.66
b27d313c-2a2d-4ef5-a223-d0850cb9d343,6b0900c8-6e37-4b5e-82cb-0a054540c6c3,Ethical,W2,59.4,0.99
b34bc34d-8851-47b5-a04c-4b511a00068c,a7f1c0d2-9e34-4b88-8c21-0fd6b2e54a90,Ethical,W2,67.6,1.13
b378050e-cb78-4f6d-8789-ba8dd7ff025f,36aaad1d-8604-4a99-a4a7-f03b15e839df,Dark,W2,44.9,0.75
b598332e-337d-49d4-bf1e-b269caa1f39b,86bc0ab8-10fd-4530-a85f-e9692caa6516,Ethical,W2,30.2,0.5
b6f69d37-1a3b-4934-a2a7-6570d5019b3d,fe0798a3-83e9-44d2-95a1-221b586c3572,Dark,W2,18.7,0.31
b82db4df-c233-45fe-987b-034375ce8ccd,c8e5acc0-ddb4-478d-ad73-5654826e7355,Dark,W2,18.0,0.3
b9f4e3a6-7cdb-4507-a070-a4dc99f217c7,7ae04994-1f9b-4233-9c51-0cee3bf1320c,Dark,W2,98.8,1.65
bc0abd72-abdc-45ab-9e22-386118afafc0,8777ceeb-c0fe-4f78-8e86-dd5428507c32,Dark,W2,10.3,0.17
bc1e3f05-c421-4f6f-b680-07ed0d66b965,7fb7c051-b362-40f7-8efa-2f2a7dc6206a,Dark,W2,43.7,0.73
bdb891be-1e78-4339-9c3e-cc5f0ade22f2,8df5a4ae-de1e-4a38-a512-df8910505396,Dark,W2,28.6,0.48
bec86e04-6dd5-43c4-bde9-16086c650f92,6dbe7567-822c-4848-8772-826ffb43a6a0,Ethical,W2,28.6,0.48
beda08d4-f736-41cc-be26-84c3beb3036a,c99842c8-51e7-420e-b187-6cd2bbbd2242,Ethical,W2,62.9,1.05
bf106eb3-f3ad-42f0-8126-509595bb7b3d,223f3159-6beb-4f7e-a535-707daa1a2f44,Dark,W2,17.2,0.29
bf61ce9a-a6f4-4a58-bde5-e982589e6749,707a0648-f3ca-4d06-9b48-dab8e2a8b5af,Ethical,W2,85.7,1.43
c12749dc-31e7-4abe-9cb5-1ae64ab64538,e53f6300-8b8a-4b7d-9acc-007b67a1a6bc,Ethical,W2,82.1,1.37
c3b179a8-f2f0-4a4c-8f5c-af99054f937b,3db6425f-73e7-4f7f-ab88-1134e097fd5b,Dark,W2,59.2,0.99
c413628b-7421-49c5-9df1-3209d2d9d22b,6f93687d-542d-42aa-9495-bb579b2a193e,Dark,W2,31.4,0.52
c5e79d0a-60ea-44cc-907e-71692bb1a894,8df5a4ae-de1e-4a38-a512-df8910505396,Dark,W2,17.0,0.28
c80d3856-48c7-4cdf-84bb-40dc9663d0b2,ee0da921-8d1f-4bfa-bef0-375bda8d63b6,Ethical,W2,112.7,1.88
c90829e3-9811-4904-b24b-d9ede856a5c3,e325cae0-ec05-405b-b39e-9d316f5a4c15,Dark,W2,34.1,0.57
c97ec198-612c-4f60-b91a-c79de8f1d550,c99842c8-51e7-420e-b187-6cd2bbbd2242,Ethical,W2,118.8,1.98
ca2c4aab-763e-431c-989c-3c184ca80a51,c8171d1d-2e75-491c-be09-34bf9df581ff,Dark,W2,31.7,0.53
caa91119-7a0f-49ef-ba72-bd048626e587,7fb7c051-b362-40f7-8efa-2f2a7dc6206a,Dark,W2,37.3,0.62
cb5f9f42-225a-4652-91de-a95b256829ec,707a0648-f3ca-4d06-9b48-dab8e2a8b5af,Ethical,W2,196.5,3.28
cca298d7-6d07-44ca-bb68-668ef4160604,fcc80b9b-7241-4507-b3be-27e2268750fd,Ethical,W2,147.0,2.45
cd726a12-c834-47ce-886c-12648746ef66,fe0798a3-83e9-44d2-95a1-221b586c3572,Dark,W2,40.2,0.67
d224ccfd-60ba-4798-8a86-818204d9e064,8df5a4ae-de1e-4a38-a512-df8910505396,Dark,W2,19.4,0.32
d45e6fd2-387c-405c-9455-4b532c35a92b,a040f35e-2eff-400f-bcd2-ac2f4611e6da,Dark,W2,58.4,0.97
d58771cd-6977-4588-96e7-4b7827eaa451,a040f35e-2eff-400f-bcd2-ac2f4611e6da,Dark,W2,28.3,0.47
d635e5a3-e654-4b29-987e-42a5a0521093,fda732af-1a91-41d6-b91e-15ee3098151f,Ethical,W2,55.7,0.93
d654bef1-75a8-414d-a39d-72c6cddce7b5,4500baff-cb06-46d3-ba87-68cc617bde5f,Ethical,W2,177.5,2.96
d6d0d13f-272b-483d-b702-79b279c08491,72d999af-07ec-4415-974c-abf642c86538,Ethical,W2,139.9,2.33
d6e09274-b400-40f5-a2c7-9410b67283b6,36e9cf9e-9437-4894-9ae5-595d95117bc1,Ethical,W2,101.1,1.68
d944a172-c54f-49ea-a38f-1dafda83d865,7ae04994-1f9b-4233-9c51-0cee3bf1320c,Dark,W2,136.7,2.28
d9bf228b-f346-4ee4-b26a-6c389837f382,707a0648-f3ca-4d06-9b48-dab8e2a8b5af,Ethical,W2,40.6,0.68
db22a54b-ccfb-48c2-b1f8-7cf4eb8d0344,72d999af-07ec-4415-974c-abf642c86538,Ethical,W2,13.0,0.22
dc29fd87-d1c7-4f63-9e53-21101b907b0a,36e9cf9e-9437-4894-9ae5-595d95117bc1,Ethical,W2,15.5,0.26
dd9bb10e-afc2-4497-aaa5-ded19c68a4de,e53f6300-8b8a-4b7d-9acc-007b67a1a6bc,Ethical,W2,33.2,0.55
e0714400-4258-4c42-a3dd-fac2f5bad13f,8d479225-84cc-4d0f-b3e6-3f61a2764b26,Dark,W2,22.0,0.37
e16ecd8b-6773-4cc9-ab93-1962d0654734,fe0798a3-83e9-44d2-95a1-221b586c3572,Dark,W2,13.7,0.23
e30e3af8-a58a-457c-bc0a-508b3c107015,9ad14b84-d581-426b-967c-9359c7b533f7,Ethical,W2,51.9,0.87
e310c50d-a3ce-4c96-bc79-3584fa93015f,3d2fb460-6aa3-4d4a-b52c-880aa756dda1,Ethical,W2,54.3,0.9
e39eab47-1c67-4bfd-ab01-c9c3566d59ea,3d2fb460-6aa3-4d4a-b52c-880aa756dda1,Ethical,W2,101.5,1.69
e4e6ebcf-11f2-47dd-ae66-b84239c31fdf,8d479225-84cc-4d0f-b3e6-3f61a2764b26,Dark,W2,79.9,1.33
e90220c6-1b40-4579-bd7b-b254406e944f,4500baff-cb06-46d3-ba87-68cc617bde5f,Ethical,W2,46.6,0.78
e9acd94f-1beb-45bd-a949-84a41aee5110,8d479225-84cc-4d0f-b3e6-3f61a2764b26,Dark,W2,26.4,0.44
eb6d98bf-6a4f-4cea-b9e9-2e35a7ce7849,72d999af-07ec-4415-974c-abf642c86538,Ethical,W2,77.4,1.29
ed3cc039-eebc-4e06-a127-1fe004ddc5e6,7fb7c051-b362-40f7-8efa-2f2a7dc6206a,Dark,W2,35.2,0.59
ef85732d-f99d-413b-99e1-388a6ca76eff,7ae04994-1f9b-4233-9c51-0cee3bf1320c,Dark,W2,24.3,0.41
efb80b80-a140-47f1-9e3f-4938e608f2a2,223f3159-6beb-4f7e-a535-707daa1a2f44,Dark,W2,31.2,0.52
effca26b-9d12-485b-a8fa-695646d43573,7ae04994-1f9b-4233-9c51-0cee3bf1320c,Dark,W2,159.6,2.66
f10093f2-6e8a-40cf-a4e8-553b1b7feaef,3d2fb460-6aa3-4d4a-b52c-880aa756dda1,Ethical,W2,48.3,0.81
f26c3fbe-79b6-41d7-8c50-c22586ac1688,e0ce78ab-5c37-4015-a43e-0327eca7d411,Dark,W2,37.5,0.62
f3b45c76-f7a1-4503-b6cd-5904462829b6,4500baff-cb06-46d3-ba87-68cc617bde5f,Ethical,W2,50.7,0.84
f598b07c-8f9a-4921-ba88-7114515a580a,86bc0ab8-10fd-4530-a85f-e9692caa6516,Ethical,W2,24.2,0.4
f677d23f-c5da-457e-8082-d75f40e90fe9,0192cc80-656c-46f4-a092-118f895b5162,Ethical,W2,57.7,0.96
f696977e-4eef-4d7d-9e21-eedd89961703,707a0648-f3ca-4d06-9b48-dab8e2a8b5af,Ethical,W2,26.2,0.44
f6b2041c-37a0-4a07-ab73-195d3dc30e2e,5be41bbb-503a-4a8c-a513-682f63de00a5,Dark,W2,74.6,1.24
f838d811-c605-4107-bba5-ee3993120891,4500baff-cb06-46d3-ba87-68cc617bde5f,Ethical,W2,57.5,0.96
f9935a8d-7773-443c-b6e9-83a49c5b72ae,3db6425f-73e7-4f7f-ab88-1134e097fd5b,Dark,W2,111.8,1.86
fa101179-2a48-4bf2-960d-dd1c5fa9e1c4,7def8a4d-8255-48b8-886f-191aec185e55,Ethical,W2,67.1,1.12
fb9649cd-ca6e-43e0-8604-685efbf9c57a,c8171d1d-2e75-491c-be09-34bf9df581ff,Dark,W2,10.9,0.18
fe99f312-4128-428e-97eb-4c60940f8423,fe0798a3-83e9-44d2-95a1-221b586c3572,Dark,W2,51.1,0.85
ff22f735-e351-4df3-aac5-87eadb39bd14,a7f1c0d2-9e34-4b88-8c21-0fd6b2e54a90,Ethical,W2,131.8,2.2
ff3afeae-4ba1-4174-9159-d5a690ab28c8,3d2fb460-6aa3-4d4a-b52c-880aa756dda1,Ethical,W2,149.4,2.49
