UserId,Variant,Week,MedianTTFB,MeanTTFB,MinTTFB,BettingSessions
0192cc80-656c-46f4-a092-118f895b5162,Dark,W1,27.4,28.0,14.8,4
0192cc80-656c-46f4-a092-118f895b5162,Ethical,W2,50.4,44.82,15.3,5
223f3159-6beb-4f7e-a535-707daa1a2f44,Dark,W2,27.45,31.983333333333334,17.2,6
223f3159-6beb-4f7e-a535-707daa1a2f44,Ethical,W1,89.5,92.9,11.6,5
27449488-f645-4afb-8574-6a2a866b48f4,Dark,W2,32.0,37.480000000000004,16.5,5
27449488-f645-4afb-8574-6a2a866b48f4,Ethical,W1,12.3,12.3,12.3,1
36aaad1d-8604-4a99-a4a7-f03b15e839df,Dark,W2,20.6,25.733333333333334,11.7,3
36aaad1d-8604-4a99-a4a7-f03b15e839df,Ethical,W1,68.1,58.17999999999999,16.2,5
36e9cf9e-9437-4894-9ae5-595d95117bc1,Dark,W1,31.55,31.55,15.9,2
36e9cf9e-9437-4894-9ae5-595d95117bc1,Ethical,W2,82.4,82.58,15.5,5
3d2fb460-6aa3-4d4a-b52c-880aa756dda1,Dark,W1,37.3,34.93333333333333,17.9,3
3d2fb460-6aa3-4d4a-b52c-880aa756dda1,Ethical,W2,63.199999999999996,73.89999999999999,43.7,12
3db6425f-73e7-4f7f-ab88-1134e097fd5b,Dark,W2,89.9,108.9375,59.2,8
3db6425f-73e7-4f7f-ab88-1134e097fd5b,Ethical,W1,42.0,53.625,13.7,4
4500baff-cb06-46d3-ba87-68cc617bde5f,Dark,W1,46.4,46.699999999999996,11.5,3
4500baff-cb06-46d3-ba87-68cc617bde5f,Ethical,W2,56.3,66.02222222222221,24.9,9
5717abd6-5f8a-465f-a412-2a5bfa11c564,Dark,W1,13.6,13.6,13.6,1
5717abd6-5f8a-465f-a412-2a5bfa11c564,Ethical,W2,186.39999999999998,186.39999999999998,84.9,2
5be41bbb-503a-4a8c-a513-682f63de00a5,Dark,W2,98.1,98.1,74.6,2
5be41bbb-503a-4a8c-a513-682f63de00a5,Ethical,W1,71.1,71.1,17.2,2
6256d4b2-a7ef-479a-9793-0c1735f25e85,Dark,W2,24.549999999999997,24.549999999999997,16.3,2
6256d4b2-a7ef-479a-9793-0c1735f25e85,Ethical,W1,11.6,11.6,11.6,1
6b0900c8-6e37-4b5e-82cb-0a054540c6c3,Dark,W1,32.8,58.4,15.6,7
6b0900c8-6e37-4b5e-82cb-0a054540c6c3,Ethical,W2,65.45,65.45,59.4,2
6dbe7567-822c-4848-8772-826ffb43a6a0,Dark,W1,14.1,19.585714285714285,10.2,7
6dbe7567-822c-4848-8772-826ffb43a6a0,Ethical,W2,43.9,42.480000000000004,22.3,5
6f93687d-542d-42aa-9495-bb579b2a193e,Dark,W2,33.4,33.4,31.4,2
6f93687d-542d-42aa-9495-bb579b2a193e,Ethical,W1,13.5,13.5,13.5,1
707a0648-f3ca-4d06-9b48-dab8e2a8b5af,Dark,W1,13.95,17.55,7.8,8
707a0648-f3ca-4d06-9b48-dab8e2a8b5af,Ethical,W2,40.6,64.77272727272727,15.5,11
72d999af-07ec-4415-974c-abf642c86538,Dark,W1,58.7,55.24285714285714,14.1,7
72d999af-07ec-4415-974c-abf642c86538,Ethical,W2,84.6,80.38571428571429,13.0,7
786b63d8-fe84-4031-90a0-ae201c76a678,Dark,W1,37.0,35.9,12.4,7
786b63d8-fe84-4031-90a0-ae201c76a678,Ethical,W2,64.55,64.55,56.6,2
7ae04994-1f9b-4233-9c51-0cee3bf1320c,Dark,W2,117.75,111.6875,24.3,8
7ae04994-1f9b-4233-9c51-0cee3bf1320c,Ethical,W1,11.6,11.6,11.6,1
7def8a4d-8255-48b8-886f-191aec185e55,Dark,W1,36.9,36.1,15.8,5
7def8a4d-8255-48b8-886f-191aec185e55,Ethical,W2,67.1,65.93333333333334,62.3,3
7fb7c051-b362-40f7-8efa-2f2a7dc6206a,Dark,W2,36.25,38.699999999999996,11.6,6
7fb7c051-b362-40f7-8efa-2f2a7dc6206a,Ethical,W1,73.3,66.4,15.9,4
86bc0ab8-10fd-4530-a85f-e9692caa6516,Dark,W1,74.1,88.0,17.6,5
86bc0ab8-10fd-4530-a85f-e9692caa6516,Ethical,W2,37.6,40.599999999999994,14.1,9
8777ceeb-c0fe-4f78-8e86-dd5428507c32,Dark,W2,38.3,33.239999999999995,10.3,5
8777ceeb-c0fe-4f78-8e86-dd5428507c32,Ethical,W1,16.0,16.0,13.8,2
8d479225-84cc-4d0f-b3e6-3f61a2764b26,Dark,W2,53.0,54.4,20.6,11
8d479225-84cc-4d0f-b3e6-3f61a2764b26,Ethical,W1,109.15,98.56666666666666,14.7,6
8df5a4ae-de1e-4a38-a512-df8910505396,Dark,W2,24.0,25.483333333333334,16.9,6
8df5a4ae-de1e-4a38-a512-df8910505396,Ethical,W1,140.1,137.43333333333334,16.7,3
9ad14b84-d581-426b-967c-9359c7b533f7,Dark,W1,22.15,25.95,13.6,8
9ad14b84-d581-426b-967c-9359c7b533f7,Ethical,W2,55.45,60.63333333333333,36.2,6
a040f35e-2eff-400f-bcd2-ac2f4611e6da,Dark,W2,42.3,39.31666666666667,16.0,6
a040f35e-2eff-400f-bcd2-ac2f4611e6da,Ethical,W1,47.4,47.4,12.7,2
a7f1c0d2-9e34-4b88-8c21-0fd6b2e54a90,Dark,W1,38.45,42.6375,18.1,8
a7f1c0d2-9e34-4b88-8c21-0fd6b2e54a90,Ethical,W2,94.5,99.57142857142857,65.2,7
b9119b29-1ad9-4429-a3d5-576d7e597947,Dark,W1,23.7,30.119999999999997,14.5,5
b9119b29-1ad9-4429-a3d5-576d7e597947,Ethical,W2,78.7,77.02000000000001,42.3,5
c8171d1d-2e75-491c-be09-34bf9df581ff,Dark,W2,32.4,32.980000000000004,10.9,5
c8171d1d-2e75-491c-be09-34bf9df581ff,Ethical,W1,83.5,79.0,17.6,5
c8e5acc0-ddb4-478d-ad73-5654826e7355,Dark,W2,44.4,60.2,18.0,5
c8e5acc0-ddb4-478d-ad73-5654826e7355,Ethical,W1,68.2,78.44000000000001,15.2,5
c99842c8-51e7-420e-b187-6cd2bbbd2242,Dark,W1,35.75,33.7375,14.4,8
c99842c8-51e7-420e-b187-6cd2bbbd2242,Ethical,W2,61.5,64.4,15.8,4
d6692bfa-902b-4f99-997c-e8e794a36d21,Dark,W2,111.2,111.2,111.2,1
d6692bfa-902b-4f99-997c-e8e794a36d21,Ethical,W1,75.35,72.875,12.4,4
e0ce78ab-5c37-4015-a43e-0327eca7d411,Dark,W2,42.25,41.775,13.8,4
e0ce78ab-5c37-4015-a43e-0327eca7d411,Ethical,W1,80.65,83.25,14.0,4
e325cae0-ec05-405b-b39e-9d316f5a4c15,Dark,W2,28.5,24.342857142857145,10.5,7
e325cae0-ec05-405b-b39e-9d316f5a4c15,Ethical,W1,83.9,86.8625,16.8,8
e53f6300-8b8a-4b7d-9acc-007b67a1a6bc,Dark,W1,45.45,39.525,13.7,8
e53f6300-8b8a-4b7d-9acc-007b67a1a6bc,Ethical,W2,78.75,79.0625,33.2,8
e7e0cf4f-0487-427f-9edd-f5f7427b1058,Dark,W2,98.7,98.7,98.7,1
e7e0cf4f-0487-427f-9edd-f5f7427b1058,Ethical,W1,133.29999999999998,133.29999999999998,13.9,2
ee0da921-8d1f-4bfa-bef0-375bda8d63b6,Dark,W1,31.0,35.82222222222222,13.7,9
ee0da921-8d1f-4bfa-bef0-375bda8d63b6,Ethical,W2,99.2,98.5,83.6,3
fcc80b9b-7241-4507-b3be-27e2268750fd,Dark,W1,17.4,17.4,17.4,1
fcc80b9b-7241-4507-b3be-27e2268750fd,Ethical,W2,147.0,147.0,147.0,1
fda732af-1a91-41d6-b91e-15ee3098151f,Dark,W1,18.1,18.1,18.1,1
fda732af-1a91-41d6-b91e-15ee3098151f,Ethical,W2,55.7,52.9,42.1,3
fe0798a3-83e9-44d2-95a1-221b586c3572,Dark,W2,19.549999999999997,25.933333333333334,11.5,6
fe0798a3-83e9-44d2-95a1-221b586c3572,Ethical,W1,53.7,56.54,12.3,5
