Variant,UserId,EventCount
Dark,0192cc80-656c-46f4-a092-118f895b5162,184
Dark,36e9cf9e-9437-4894-9ae5-595d95117bc1,270
Dark,3d2fb460-6aa3-4d4a-b52c-880aa756dda1,259
Dark,4500baff-cb06-46d3-ba87-68cc617bde5f,207
Dark,5717abd6-5f8a-465f-a412-2a5bfa11c564,296
Dark,6b0900c8-6e37-4b5e-82cb-0a054540c6c3,517
Dark,6dbe7567-822c-4848-8772-826ffb43a6a0,982
Dark,707a0648-f3ca-4d06-9b48-dab8e2a8b5af,711
Dark,72d999af-07ec-4415-974c-abf642c86538,103
Dark,786b63d8-fe84-4031-90a0-ae201c76a678,361
Dark,7def8a4d-8255-48b8-886f-191aec185e55,260
Dark,86bc0ab8-10fd-4530-a85f-e9692caa6516,330
Dark,9ad14b84-d581-426b-967c-9359c7b533f7,274
Dark,a7f1c0d2-9e34-4b88-8c21-0fd6b2e54a90,534
Dark,b9119b29-1ad9-4429-a3d5-576d7e597947,473
Dark,c99842c8-51e7-420e-b187-6cd2bbbd2242,398
Dark,e53f6300-8b8a-4b7d-9acc-007b67a1a6bc,107
Dark,ee0da921-8d1f-4bfa-bef0-375bda8d63b6,185
Dark,fcc80b9b-7241-4507-b3be-27e2268750fd,253
Dark,fda732af-1a91-41d6-b91e-15ee3098151f,400
Ethical,223f3159-6beb-4f7e-a535-707daa1a2f44,320
Ethical,27449488-f645-4afb-8574-6a2a866b48f4,32
Ethical,36aaad1d-8604-4a99-a4a7-f03b15e839df,81
Ethical,3db6425f-73e7-4f7f-ab88-1134e097fd5b,79
Ethical,5be41bbb-503a-4a8c-a513-682f63de00a5,29
Ethical,6256d4b2-a7ef-479a-9793-0c1735f25e85,42
Ethical,6f93687d-542d-42aa-9495-bb579b2a193e,81
Ethical,7ae04994-1f9b-4233-9c51-0cee3bf1320c,122
Ethical,7fb7c051-b362-40f7-8efa-2f2a7dc6206a,215
Ethical,8777ceeb-c0fe-4f78-8e86-dd5428507c32,139
Ethical,8d479225-84cc-4d0f-b3e6-3f61a2764b26,67
Ethical,8df5a4ae-de1e-4a38-a512-df8910505396,269
Ethical,a040f35e-2eff-400f-bcd2-ac2f4611e6da,87
Ethical,c8171d1d-2e75-491c-be09-34bf9df581ff,186
Ethical,c8e5acc0-ddb4-478d-ad73-5654826e7355,169
Ethical,d6692bfa-902b-4f99-997c-e8e794a36d21,165
Ethical,e0ce78ab-5c37-4015-a43e-0327eca7d411,48
Ethical,e325cae0-ec05-405b-b39e-9d316f5a4c15,145
Ethical,e7e0cf4f-0487-427f-9edd-f5f7427b1058,50
Ethical,fe0798a3-83e9-44d2-95a1-221b586c3572,314
