Variant,SessionId,Events,Start,End,DurMin
Dark,0693d27f-e2db-4647-8f2d-58236d5961c5,50,2026-05-21 19:55:02.026803+00:00,2026-05-21 19:59:10.588857+00:00,4.1427008999999995
Dark,06e27c85-c39d-4253-9afa-5376852200ec,90,2026-05-16 22:21:47.264573+00:00,2026-05-16 22:23:58.717910+00:00,2.19088895
Dark,08057d8c-5210-4655-907c-a6d76e2d119b,59,2026-05-21 18:41:40.556745+00:00,2026-05-21 18:44:24.621317+00:00,2.7344095333333334
Dark,0bb4a571-632d-4b79-8770-8aa466772479,58,2026-05-21 20:42:58.481586+00:00,2026-05-21 20:46:01.619630+00:00,3.0523007333333334
Dark,0c91e2eb-6716-463d-9632-5a8dbdf63a66,54,2026-05-20 17:29:02.965589+00:00,2026-05-20 17:30:48.859047+00:00,1.7648909666666666
Dark,0d3e0d7c-4823-40d9-855e-c661c6c38c3f,60,2026-05-19 10:18:57.603052+00:00,2026-05-19 10:20:24.390235+00:00,1.44645305
Dark,100b6604-7604-49bb-856a-5acea363b186,18,2026-05-18 17:14:02.154358+00:00,2026-05-18 17:14:53.515442+00:00,0.8560180666666667
Dark,1177b591-4c5e-47b0-ac9c-27c598fadbe5,193,2026-05-15 12:31:39.560595+00:00,2026-05-15 12:35:04.430171+00:00,3.4144929333333334
Dark,1267d0a0-2f4b-4fa4-bad4-026e2232ce82,58,2026-05-18 18:24:35.872465+00:00,2026-05-18 18:25:58.693317+00:00,1.3803475333333333
Dark,12c7adf9-bacc-4c31-9ac3-581f492ef76a,9,2026-05-18 21:02:40.219881+00:00,2026-05-18 21:04:29.559765+00:00,1.8223314
Dark,1987be33-5230-432d-a836-23271e250816,31,2026-05-20 18:14:15.561118+00:00,2026-05-20 18:16:26.607020+00:00,2.184098366666667
Dark,1a9b02a8-116b-454c-9e9c-9b96d22c6a57,80,2026-05-19 19:18:55.011984+00:00,2026-05-19 19:22:27.022883+00:00,3.5335149833333332
Dark,1b3cd785-223a-4e2d-a4fd-aa0101fc107d,21,2026-05-18 20:00:08.527985+00:00,2026-05-18 20:01:18.650717+00:00,1.1687122
Dark,1c06185b-c843-45f6-98d5-b97aaa169e80,109,2026-05-20 20:40:31.652143+00:00,2026-05-20 20:43:02.456020+00:00,2.51339795
Dark,1c829cc6-5e11-4e87-b05a-ea4dbb4a817e,41,2026-05-17 20:11:58.187309+00:00,2026-05-17 20:14:42.907114+00:00,2.7453300833333336
Dark,1dccb2af-4755-401e-8f45-4c9115c2592b,81,2026-05-19 15:47:39.036149+00:00,2026-05-19 15:49:22.278449+00:00,1.720705
Dark,20cb07a1-9638-4bb0-9cac-1fe5b7dd9e95,38,2026-05-20 16:27:56.299100+00:00,2026-05-20 16:29:52.671673+00:00,1.9395428833333335
Dark,2397bd18-95b7-4197-bb4d-a7dd2a34ac36,30,2026-05-19 22:01:32.938863+00:00,2026-05-19 22:03:11.243144+00:00,1.6384046833333334
Dark,23dfb20a-012e-4966-a941-f34f759b50e8,7,2026-05-19 21:09:20.975896+00:00,2026-05-19 21:10:52.986478+00:00,1.5335097
Dark,2486ecb3-46bb-4605-a2d4-ec25584628f9,12,2026-05-17 18:22:06.342233+00:00,2026-05-17 18:22:44.330413+00:00,0.6331363333333333
Dark,2861af54-3ad0-431c-920d-8df6cf506b1e,66,2026-05-18 17:01:33.934814+00:00,2026-05-18 17:02:44.092617+00:00,1.1692967166666668
Dark,2970b23d-88a0-4885-916e-949ae65503c7,95,2026-05-18 22:42:49.078795+00:00,2026-05-18 22:46:13.176527+00:00,3.401628866666667
Dark,2b46a507-a15a-42c7-af8f-a7feb90ec1d1,47,2026-05-17 21:49:06.566088+00:00,2026-05-17 21:50:51.759992+00:00,1.7532317333333334
Dark,2bcd59d8-a6e5-4162-b579-af504edd025a,47,2026-05-20 11:07:31.037109+00:00,2026-05-20 11:09:42.662718+00:00,2.19376015
Dark,33289fa4-3f41-4b10-b784-fe8c8ba054fa,39,2026-05-20 17:55:21.847249+00:00,2026-05-20 17:59:20.492508+00:00,3.9774209833333334
Dark,335caf83-83b8-471e-9b96-5428ac2bd027,76,2026-05-16 14:29:31.463880+00:00,2026-05-16 14:33:19.738109+00:00,3.8045704833333334
Dark,34d8ddac-0b96-46e5-b7ee-c7216bd99439,93,2026-05-20 19:37:43.703274+00:00,2026-05-20 19:38:50.397516+00:00,1.1115707000000001
Dark,35b798e5-650c-454b-bb33-502bba28fbf2,53,2026-05-20 21:06:31.170032+00:00,2026-05-20 21:08:50.682853+00:00,2.3252136833333332
Dark,3666bf00-024b-4614-be66-137fabd01f14,36,2026-05-18 21:32:58.197813+00:00,2026-05-18 21:34:44.398926+00:00,1.77001855
Dark,367e17c4-7bbc-4a14-9396-6a6e4bb703dd,20,2026-05-16 13:56:43.141436+00:00,2026-05-16 13:57:29.571182+00:00,0.7738291
Dark,3ccd7a66-c2d2-4db8-828b-714d9ad4901a,45,2026-05-17 19:50:01.273615+00:00,2026-05-17 19:51:30.834269+00:00,1.4926775666666667
Dark,3e12b5c4-6405-4ed6-9c6a-a1bb3576dd98,79,2026-05-16 20:56:31.739793+00:00,2026-05-16 20:59:10.973815+00:00,2.653900366666667
Dark,418f140f-3161-466a-96ff-634d3d18fe05,75,2026-05-21 19:58:29.871189+00:00,2026-05-21 20:01:17.150512+00:00,2.787988716666667
Dark,42268c7f-79c4-47ab-9ddc-65837c313eea,22,2026-05-15 19:06:56.872312+00:00,2026-05-15 19:08:19.927067+00:00,1.3842459166666667
Dark,454debc3-f4a0-44a8-b9d9-c85a7c362081,45,2026-05-15 19:12:48.412865+00:00,2026-05-15 19:14:00.438235+00:00,1.2004228333333333
Dark,4a5f4534-3f44-4f72-b0e6-50b24e142984,32,2026-05-18 13:44:29.823039+00:00,2026-05-18 13:46:05.908511+00:00,1.6014245333333332
Dark,548800af-943a-4a97-a3d1-b72b44c60a8b,38,2026-05-20 18:46:35.875145+00:00,2026-05-20 18:48:21.391045+00:00,1.7585983333333333
Dark,5692d744-e534-4685-ba05-4d8b4d6c8560,7,2026-05-16 18:13:36.820936+00:00,2026-05-16 18:14:41.068873+00:00,1.07079895
Dark,57804e0a-88e9-45de-9c64-8fbe32dcfb51,41,2026-05-16 18:55:06.985393+00:00,2026-05-16 18:57:04.569136+00:00,1.95972905
Dark,57c1e0ef-4b9e-4b7d-8590-c0e1d7bfe8ca,68,2026-05-16 17:51:30.178782+00:00,2026-05-16 17:54:24.916273+00:00,2.912291516666667
Dark,59da4ecd-c32d-4898-b36b-c4380d528771,72,2026-05-21 13:51:05.704528+00:00,2026-05-21 13:53:06.481177+00:00,2.01294415
Dark,5b741ac8-4d58-4673-9495-0532284c823f,71,2026-05-17 20:47:03.827233+00:00,2026-05-17 20:49:04.215903+00:00,2.0064778333333333
Dark,60090f22-14e7-45b2-8d41-95dc855fcf6d,80,2026-05-17 13:30:31.750428+00:00,2026-05-17 13:33:02.307633+00:00,2.5092867500000002
Dark,60757805-6047-4bbe-8b9f-0988e07ac409,6,2026-05-15 17:59:42.554309+00:00,2026-05-15 18:00:37.607274+00:00,0.9175494166666667
Dark,63cc2ea9-a5be-4b34-b0a5-66a100673496,31,2026-05-17 17:44:23.885251+00:00,2026-05-17 17:45:40.573169+00:00,1.2781319666666666
Dark,66d62e1c-9de8-427a-8ecc-7b10ba6cf9ef,93,2026-05-16 16:23:47.857215+00:00,2026-05-16 16:26:47.561508+00:00,2.99507155
Dark,68b72e49-2250-4b57-9e0d-ff3c4f15bac9,56,2026-05-17 14:20:28.633658+00:00,2026-05-17 14:22:40.817531+00:00,2.20306455
Dark,697cf59c-7310-4686-8e38-f961dd69a7ce,51,2026-05-21 20:46:21.251310+00:00,2026-05-21 20:47:35.329023+00:00,1.23462855
Dark,6b0149a5-66fe-4352-bdc9-51774970329d,126,2026-05-21 20:23:06.653052+00:00,2026-05-21 20:28:02.777021+00:00,4.935399483333333
Dark,6b58e5af-c859-4ac2-a6ec-2f85d063abad,29,2026-05-19 18:50:33.178650+00:00,2026-05-19 18:51:44.777110+00:00,1.1933076666666667
Dark,6d0225b4-e58c-4787-840f-c7dfe95c0310,102,2026-05-17 18:18:52.523088+00:00,2026-05-17 18:19:51.386863+00:00,0.9810629166666666
Dark,6d8f0e79-abd4-4fa0-9488-a61239f8ae19,37,2026-05-17 16:47:54.109544+00:00,2026-05-17 16:49:22.274328+00:00,1.4694130666666667
Dark,6db7f7f5-f8a2-4fcb-9a80-7db520c85c6c,62,2026-05-19 19:10:48.958206+00:00,2026-05-19 19:14:05.836859+00:00,3.2813108833333335
Dark,70583872-cc8b-4ee6-a53d-3534be597701,31,2026-05-16 20:50:32.213192+00:00,2026-05-16 20:51:45.244271+00:00,1.21718465
Dark,71522277-5515-4db8-acb7-f31405a7e725,22,2026-05-17 20:15:54.020353+00:00,2026-05-17 20:16:58.421973+00:00,1.0733603333333332
Dark,7192c335-d66e-45e6-8bd9-7b762d4de9df,30,2026-05-19 08:09:42.458933+00:00,2026-05-19 08:11:10.788438+00:00,1.4721584166666666
Dark,71df90e1-635c-4672-b27e-7850733c029e,40,2026-05-19 18:01:19.169767+00:00,2026-05-19 18:03:27.277186+00:00,2.1351236499999997
Dark,7305abf5-5120-4701-936e-19d4e1a32367,17,2026-05-20 22:14:54.254985+00:00,2026-05-20 22:15:50.371425+00:00,0.9352739999999999
Dark,7ad93564-de73-4b02-993a-1d5cef0b45cb,11,2026-05-17 21:30:33.149959+00:00,2026-05-17 21:31:21.708740+00:00,0.8093130166666668
Dark,7b231b49-49e3-4fd1-a8dc-6e609a005a6c,36,2026-05-19 16:49:25.525619+00:00,2026-05-19 16:50:58.751114+00:00,1.55375825
Dark,7f49a933-4d1f-47e4-9817-73dc71550616,51,2026-05-19 21:24:36.276420+00:00,2026-05-19 21:25:09.743294+00:00,0.5577812333333333
Dark,832b10bc-3614-444d-9d51-555ced2a310b,79,2026-05-19 19:42:24.380887+00:00,2026-05-19 19:45:50.187889+00:00,3.4301167
Dark,83bacae2-fcb5-4d0e-af7d-243a00d241f0,26,2026-05-19 15:33:08.022500+00:00,2026-05-19 15:34:00.635604+00:00,0.8768850666666667
Dark,85747586-46c8-4dd7-9e83-a4684ad3db9d,32,2026-05-16 19:53:12.685222+00:00,2026-05-16 19:54:05.630876+00:00,0.8824275666666667
Dark,87638730-67df-4544-b50a-5ca7fc1bb6cd,26,2026-05-16 11:31:49.892615+00:00,2026-05-16 11:33:10.585536+00:00,1.3448820166666666
Dark,8ac10922-39b7-429d-8ae6-fc09c87d44c0,85,2026-05-16 13:07:05.707359+00:00,2026-05-16 13:10:14.618108+00:00,3.1485124833333336
Dark,8ade050d-6aa4-402a-8fc9-71150f691b82,56,2026-05-18 20:55:03.779720+00:00,2026-05-18 20:57:16.763381+00:00,2.2163943500000003
Dark,8d182451-a94d-4a12-b4fa-4b7ccdc72c17,53,2026-05-16 22:57:50.910235+00:00,2026-05-16 23:00:18.078541+00:00,2.4528051
Dark,8d8b223a-0524-49dd-b68a-af8d4b455f9a,51,2026-05-15 18:20:53.105651+00:00,2026-05-15 18:22:40.937965+00:00,1.7972052333333333
Dark,8f859346-8027-47f7-93c6-02a426b79f79,69,2026-05-19 19:40:30.762174+00:00,2026-05-19 19:43:03.155602+00:00,2.539890466666667
Dark,945db5c6-9447-4b2f-be6c-af4254320e11,52,2026-05-15 17:53:57.486632+00:00,2026-05-15 17:55:23.545488+00:00,1.4343142666666668
Dark,9b1abeb2-8614-4ab4-ada0-32608f1dd60e,31,2026-05-16 14:46:17.294902+00:00,2026-05-16 14:48:23.055940+00:00,2.0960173
Dark,9d50d4b5-39cc-491b-99f1-1b6c61a6e095,92,2026-05-15 08:06:29.147930+00:00,2026-05-15 08:10:27.794139+00:00,3.9774368166666667
Dark,9f64622b-a11c-4079-9ae3-c46a9460d883,45,2026-05-15 17:37:52.027674+00:00,2026-05-15 17:40:36.169389+00:00,2.73569525
Dark,a248a164-e5f4-4454-8530-5834343fb69f,32,2026-05-21 10:06:05.107655+00:00,2026-05-21 10:07:52.286485+00:00,1.7863138333333335
Dark,a5acc18d-1b38-49b0-b20c-74740c854ebe,5,2026-05-19 17:26:18.713618+00:00,2026-05-19 17:26:40.517744+00:00,0.3634021
Dark,a8ee7678-a87b-4147-b870-14bffaabada6,11,2026-05-17 14:26:44.585550+00:00,2026-05-17 14:27:43.676351+00:00,0.9848466833333334
Dark,a9381cbc-abd0-483a-8522-7f7899e068ce,41,2026-05-15 21:11:35.463618+00:00,2026-05-15 21:13:04.162282+00:00,1.4783110666666666
Dark,abdfda56-e714-43f9-9333-4f79088e78b5,41,2026-05-19 21:07:06.582926+00:00,2026-05-19 21:11:55.134825+00:00,4.8091983166666665
Dark,ad1a9362-4920-4de8-a4d4-4b473fec9ee8,27,2026-05-15 13:22:49.952752+00:00,2026-05-15 13:24:48.384923+00:00,1.9738695166666667
Dark,ad7e646e-f008-4cc0-b4b7-e916c78cda40,71,2026-05-19 16:28:38.966783+00:00,2026-05-19 16:32:19.093901+00:00,3.6687853
Dark,ae2e6d01-ed4a-44b4-8862-e9b177c80f96,18,2026-05-16 14:46:47.004084+00:00,2026-05-16 14:47:41.280514+00:00,0.9046071666666666
Dark,b1bf9899-dbb4-413b-b03a-f49f8557ecca,38,2026-05-17 17:42:45.145204+00:00,2026-05-17 17:44:40.107755+00:00,1.9160425166666668
Dark,b22d91b4-d84c-43d0-ac49-ba706dac21fc,50,2026-05-17 20:16:10.659136+00:00,2026-05-17 20:18:39.398129+00:00,2.4789832166666668
Dark,b4cbcb26-e42a-4b51-90dd-44a63dd67d21,144,2026-05-16 11:12:22.889269+00:00,2026-05-16 11:15:09.655613+00:00,2.779439066666667
Dark,b6677005-9aa6-4a04-a58f-3aa76767308c,61,2026-05-21 21:53:02.255932+00:00,2026-05-21 21:54:52.244900+00:00,1.8331494666666666
Dark,be521c00-7176-484e-af15-497e81e1bc90,15,2026-05-17 18:42:35.499570+00:00,2026-05-17 18:43:41.644524+00:00,1.1024159
Dark,c4a6a60c-0a77-40c8-8092-c9d40fced3c5,12,2026-05-20 12:50:16.975317+00:00,2026-05-20 12:51:23.358023+00:00,1.1063784333333333
Dark,c55815c8-084b-404c-9f6a-88cec6140acb,56,2026-05-20 23:31:38.655112+00:00,2026-05-20 23:33:13.609815+00:00,1.5825783833333333
Dark,c600ec62-6581-4275-a44c-25a0deb7b363,40,2026-05-20 08:26:20.379358+00:00,2026-05-20 08:28:24.316513+00:00,2.06561925
Dark,c6292da2-723a-4710-8582-4e0135a787f7,107,2026-05-16 13:33:20.726767+00:00,2026-05-16 13:34:15.961268+00:00,0.9205750166666667
Dark,c9458778-68da-4dbd-af2d-eb9922f2dcb3,121,2026-05-20 21:03:01.553933+00:00,2026-05-20 21:06:09.670915+00:00,3.1352830333333332
Dark,caa18627-3e7a-4e6d-a624-81c7f4413b32,64,2026-05-16 13:37:44.359260+00:00,2026-05-16 13:39:38.764102+00:00,1.9067473666666668
Dark,cca366fe-753f-45ef-a04e-bf5b6f8cb7ac,48,2026-05-17 17:08:32.214443+00:00,2026-05-17 17:10:48.774422+00:00,2.27599965
Dark,cccbcae1-5e1d-443e-8a23-853908841578,6,2026-05-15 22:34:29.972592+00:00,2026-05-15 22:35:11.725115+00:00,0.6958753833333333
Dark,da3970a7-9793-4146-90f9-aec659962815,7,2026-05-17 16:42:25.710630+00:00,2026-05-17 16:43:29.755848+00:00,1.0674203
Dark,dbec0815-ca5b-40d3-90b4-837a33b3f543,91,2026-05-18 22:06:19.022965+00:00,2026-05-18 22:09:09.956133+00:00,2.848886133333333
Dark,dc232752-a6f0-4dfd-862f-ae4af12f3257,247,2026-05-15 20:33:09.154475+00:00,2026-05-15 20:36:32.938157+00:00,3.3963947
Dark,dd4c475c-cf78-47ad-bcc6-117538d3c20d,97,2026-05-20 22:15:31.953493+00:00,2026-05-20 22:17:15.111473+00:00,1.7192996666666667
Dark,deea2013-1294-48ca-adc3-f5e13d9e6e89,61,2026-05-21 20:29:11.880776+00:00,2026-05-21 20:31:57.271212+00:00,2.7565072666666666
Dark,e6750ad9-59df-48bc-bc52-d375ff1b572a,43,2026-05-18 22:00:07.624265+00:00,2026-05-18 22:03:46.400827+00:00,3.6462760333333337
Dark,e884d62e-8aff-4969-8156-5152ddb25263,3,2026-05-18 18:30:55.584956+00:00,2026-05-18 18:31:21.799137+00:00,0.43690301666666664
Dark,e92763c1-ea53-4de1-bc56-2603b4603153,38,2026-05-21 19:33:50.752918+00:00,2026-05-21 19:36:26.625500+00:00,2.5978763666666667
Dark,eb0471a0-aca1-4482-9e46-833207c05b59,201,2026-05-19 20:18:32.514117+00:00,2026-05-19 20:22:29.560279+00:00,3.950769366666667
Dark,ee715482-7b06-45b4-a3de-1e6bc1856445,39,2026-05-16 19:54:39.172252+00:00,2026-05-16 19:56:37.126957+00:00,1.96591175
Dark,efa8fdb9-6997-4509-b477-641ecbc4edf7,22,2026-05-17 20:52:05.700220+00:00,2026-05-17 20:53:20.610499+00:00,1.24850465
Dark,efed77cf-4a69-4d85-9d0f-4c6939d28bef,41,2026-05-16 14:24:56.904944+00:00,2026-05-16 14:27:26.314478+00:00,2.4901589
Dark,f06a0030-be63-49ed-8272-409b5fbcb568,53,2026-05-19 19:32:29.521427+00:00,2026-05-19 19:34:38.306259+00:00,2.146413866666667
Dark,f16a6289-c4e1-418e-95fa-28b373a4ecaa,40,2026-05-17 17:15:13.007738+00:00,2026-05-17 17:17:35.017616+00:00,2.3668313
Dark,f5a88305-1e3f-4cae-bc50-39e1303203bd,197,2026-05-21 21:36:49.728381+00:00,2026-05-21 21:40:21.369182+00:00,3.5273466833333336
Dark,f742e68f-743e-4ef5-bb70-47219cc4a715,18,2026-05-17 18:17:11.371943+00:00,2026-05-17 18:18:19.468024+00:00,1.1349346833333334
Dark,f891b6f8-a4aa-41c1-8b03-65ce167b03f7,52,2026-05-17 21:12:33.159753+00:00,2026-05-17 21:14:18.677492+00:00,1.7586289833333335
Dark,f8b900e8-642a-46ad-a84b-c36b6bed4825,27,2026-05-19 20:52:30.009003+00:00,2026-05-19 20:53:30.540550+00:00,1.0088591166666667
Dark,fb9745cf-9308-4cf7-84bb-648dfc23d115,109,2026-05-15 14:20:32.779437+00:00,2026-05-15 14:24:15.776598+00:00,3.71661935
Dark,ffc86a84-e9d3-4bc6-ad5c-d2689a8effd7,113,2026-05-15 18:04:36.101214+00:00,2026-05-15 18:06:44.616611+00:00,2.1419232833333335
Ethical,0bf4e399-c1eb-4185-b5d5-42c1c4abdbcb,25,2026-05-18 15:41:20.734375+00:00,2026-05-18 15:43:48.757581+00:00,2.467053433333333
Ethical,1359cb9b-aa35-4bff-b05d-5ec63ad4cf3e,24,2026-05-21 18:48:31.097606+00:00,2026-05-21 18:50:21.373943+00:00,1.83793895
Ethical,1452e172-2dd6-49c7-b73b-19508e2fda5e,25,2026-05-20 18:02:46.735283+00:00,2026-05-20 18:05:18.195443+00:00,2.524336
Ethical,17bfccbe-d06e-4117-94f0-db509d88a4df,7,2026-05-18 13:33:58.218839+00:00,2026-05-18 13:34:50.250082+00:00,0.8671873833333333
Ethical,18b308f1-b9f4-4342-a11f-8231031cbd88,45,2026-05-20 20:44:35.382960+00:00,2026-05-20 20:48:22.014927+00:00,3.77719945
Ethical,18ee92d6-9432-4c14-bc39-4748c7d96cdc,24,2026-05-15 17:24:36.097010+00:00,2026-05-15 17:26:47.356298+00:00,2.1876548
Ethical,1f430a43-b239-4f72-bb5a-6a786677b1a8,28,2026-05-15 22:31:19.291289+00:00,2026-05-15 22:34:42.985181+00:00,3.3948982
Ethical,20f65e99-8217-4b1b-9fc7-1df4dbf2a66f,28,2026-05-16 19:09:01.886087+00:00,2026-05-16 19:11:10.193956+00:00,2.1384644833333337
Ethical,21a0f24f-9cd1-41f9-a0ef-bfc8064c251c,28,2026-05-21 20:59:24.700094+00:00,2026-05-21 21:04:36.089884+00:00,5.1898298333333335
Ethical,22859acb-5c55-453e-9af3-9278d3c7e61e,34,2026-05-21 09:18:06.797434+00:00,2026-05-21 09:21:08.572902+00:00,3.029591133333333
Ethical,22cd2437-0fb4-4007-b546-cd6db951c591,32,2026-05-19 18:02:00.508114+00:00,2026-05-19 18:04:23.652845+00:00,2.385745516666667
Ethical,23559791-3987-44e5-b917-06cf7d405f3b,11,2026-05-17 16:10:15.290538+00:00,2026-05-17 16:12:33.551458+00:00,2.304348666666667
Ethical,241b2e2f-6971-4467-99c3-229defcd095b,17,2026-05-17 11:14:57.714375+00:00,2026-05-17 11:16:19.305807+00:00,1.3598572
Ethical,244568b7-62c6-4cd2-8b43-b842c20f623d,38,2026-05-21 21:58:09.136207+00:00,2026-05-21 22:00:22.735882+00:00,2.22666125
Ethical,2464ec8a-8b02-4e4f-822f-d94bbc5e2681,69,2026-05-17 19:35:35.321535+00:00,2026-05-17 19:39:28.706004+00:00,3.88974115
Ethical,256dd429-16cb-4433-a658-dcaba416f58a,62,2026-05-21 18:20:03.067272+00:00,2026-05-21 18:25:32.441793+00:00,5.48957535
Ethical,257e6d22-f572-43e5-b819-57f8eaea6484,33,2026-05-20 16:50:16.740911+00:00,2026-05-20 16:53:09.498522+00:00,2.8792935166666664
Ethical,2b824fa2-f9c7-4794-84dc-d1dcbd62c877,14,2026-05-15 17:17:25.498885+00:00,2026-05-15 17:18:51.295370+00:00,1.4299414166666666
Ethical,2dd2ac9b-a530-4f77-af21-5f689bb8ddfa,29,2026-05-20 11:01:17.412223+00:00,2026-05-20 11:04:13.785211+00:00,2.9395498
Ethical,2e72dd6f-83d3-4522-a55b-030a52d14a30,19,2026-05-18 17:13:22.123735+00:00,2026-05-18 17:15:22.969684+00:00,2.0140991500000003
Ethical,3306d291-d6fd-4516-9d0a-2ce6e70e9ac6,16,2026-05-20 15:41:25.822424+00:00,2026-05-20 15:43:44.264922+00:00,2.3073749666666665
Ethical,332135f8-4ad6-4268-b177-517bf0578002,51,2026-05-16 14:09:48.841758+00:00,2026-05-16 14:13:36.221452+00:00,3.7896615666666666
Ethical,341bedb4-caba-4883-8cd6-0fbdacf5e479,14,2026-05-17 18:33:36.645363+00:00,2026-05-17 18:36:12.387961+00:00,2.5957099666666665
Ethical,3faf0508-56ab-4875-9f39-dfa7e79a6a6c,20,2026-05-19 16:56:56.744631+00:00,2026-05-19 16:59:10.555673+00:00,2.230184033333333
Ethical,3fe8b117-b310-49e2-9f21-485d731ad154,10,2026-05-16 21:03:55.617791+00:00,2026-05-16 21:06:00.851314+00:00,2.0872253833333336
Ethical,46ec6570-6e60-413a-aa2e-4bdf7e84a330,28,2026-05-17 18:57:53.620805+00:00,2026-05-17 18:59:55.344072+00:00,2.028721116666667
Ethical,4abe8216-5003-44db-909d-ae704c6bfcdf,52,2026-05-21 19:38:44.937295+00:00,2026-05-21 19:42:26.674185+00:00,3.695614833333333
Ethical,4ce49073-e7eb-4406-86af-cb640d2e3e8f,16,2026-05-19 20:04:42.225166+00:00,2026-05-19 20:05:52.334770+00:00,1.1684934
Ethical,4d08ecca-54a3-43e0-aa8e-6fa864265f9f,27,2026-05-20 22:35:20.445588+00:00,2026-05-20 22:38:55.386215+00:00,3.5823437833333336
Ethical,4ee53f1c-9ed3-498e-9a6f-c1e5845f5f29,27,2026-05-15 18:59:43.387086+00:00,2026-05-15 19:01:40.821813+00:00,1.9572454499999998
Ethical,5262a330-6826-4eda-9691-b3f19f8d9641,20,2026-05-18 15:45:01.080336+00:00,2026-05-18 15:47:20.349403+00:00,2.321151116666667
Ethical,5344f4df-7e12-486f-81a9-c7a74d3a1637,35,2026-05-19 17:59:01.216771+00:00,2026-05-19 18:01:51.935598+00:00,2.8453137833333333
Ethical,634b2c8e-0ff9-4d85-b269-eca93050df61,32,2026-05-18 21:42:24.087373+00:00,2026-05-18 21:45:22.687319+00:00,2.9766657666666663
Ethical,640e75f9-ee2f-4899-a475-3d2f5f82c8f8,15,2026-05-15 20:34:06.945083+00:00,2026-05-15 20:35:50.921000+00:00,1.73293195
Ethical,684b1622-9d1d-4f1d-8fce-8dee6330cd0e,10,2026-05-19 20:08:19.086011+00:00,2026-05-19 20:09:53.737666+00:00,1.5775275833333333
Ethical,6b549a23-0b55-4fd3-b390-fb6cb2e49b37,10,2026-05-17 14:45:53.560463+00:00,2026-05-17 14:47:39.471268+00:00,1.7651800833333333
Ethical,6d3b20e5-618e-4a8c-92b2-71bd81471e86,56,2026-05-19 11:05:47.589397+00:00,2026-05-19 11:10:03.009645+00:00,4.257004133333333
Ethical,6f990a87-03cc-4b7e-8ca0-bd86743f7553,50,2026-05-19 18:28:48.019866+00:00,2026-05-19 18:31:25.373816+00:00,2.6225658333333333
Ethical,7d903d68-3242-4809-8631-1631701d31b5,23,2026-05-19 18:17:58.807042+00:00,2026-05-19 18:21:06.424861+00:00,3.12696365
Ethical,801a3680-e7ec-4a61-80ef-61408fb36b6c,14,2026-05-19 18:22:34.859296+00:00,2026-05-19 18:24:42.400130+00:00,2.125680566666667
Ethical,8124cab8-f7e4-4fc8-953a-8b3a477c4542,10,2026-05-16 20:48:17.195363+00:00,2026-05-16 20:50:06.911183+00:00,1.8285969999999998
Ethical,81669f1b-adcd-4663-8e3e-908732f6ff0c,18,2026-05-18 20:04:40.596569+00:00,2026-05-18 20:05:59.458696+00:00,1.3143687833333333
Ethical,8aa00d17-7066-4eff-8b66-db1c4e11494c,37,2026-05-20 15:54:08.513269+00:00,2026-05-20 15:57:34.095709+00:00,3.426374
Ethical,8cc8e045-2278-4a17-8d9b-bc976134ff97,6,2026-05-21 11:55:13.448788+00:00,2026-05-21 11:56:35.178855+00:00,1.3621677833333334
Ethical,8d10d352-738d-4e60-ba21-6132643f839a,25,2026-05-20 20:30:32.238649+00:00,2026-05-20 20:33:55.464508+00:00,3.3870976500000003
Ethical,909bca16-60ce-4abd-9323-598919903452,26,2026-05-17 14:39:19.150422+00:00,2026-05-17 14:41:53.768071+00:00,2.576960816666667
Ethical,9483822a-25d1-4e28-9660-7e4e0ad13c66,6,2026-05-19 19:52:09.106748+00:00,2026-05-19 19:54:47.046959+00:00,2.63233685
Ethical,9c2442f3-d060-455c-8619-429fc1f636be,33,2026-05-15 17:15:30.290883+00:00,2026-05-15 17:19:26.574905+00:00,3.938067033333333
Ethical,9f31160f-0a53-4afb-8830-8caab58906d2,15,2026-05-19 20:51:56.378711+00:00,2026-05-19 20:56:16.362822+00:00,4.333068516666667
Ethical,a4e3ec6a-4e5d-4d9c-bebc-95a58ea051e5,7,2026-05-20 17:43:58.525513+00:00,2026-05-20 17:45:16.962608+00:00,1.3072849166666667
Ethical,a8615ba1-c620-4219-91ae-0ca9cc1ebf96,18,2026-05-15 21:48:27.497783+00:00,2026-05-15 21:51:04.111783+00:00,2.6102333333333334
Ethical,ab07a362-8810-4d31-a93c-59145c653c52,69,2026-05-18 19:41:49.996204+00:00,2026-05-18 19:46:43.581277+00:00,4.89308455
Ethical,ad6dcef0-63c1-48a9-b48a-fdca87f34d61,31,2026-05-17 17:39:26.469286+00:00,2026-05-17 17:41:40.114465+00:00,2.2274196500000003
Ethical,ade8dbcb-623c-4b30-b74b-5feb4ffa3d14,24,2026-05-21 17:08:09.206038+00:00,2026-05-21 17:09:57.214264+00:00,1.8001371
Ethical,afe25a89-180f-47d5-884b-571fbb0ed58e,15,2026-05-20 18:53:02.881688+00:00,2026-05-20 18:54:26.280457+00:00,1.3899794833333334
Ethical,b238fc78-5738-4666-9973-e323b785eaa1,14,2026-05-17 21:46:55.265123+00:00,2026-05-17 21:48:22.150549+00:00,1.4480904333333333
Ethical,b3dce006-accb-4498-91b6-9fce7b7a0304,72,2026-05-15 18:48:28.632151+00:00,2026-05-15 18:53:13.696383+00:00,4.751070533333333
Ethical,baf69c81-1c3d-4eda-9f23-d7a7d7838306,22,2026-05-15 21:00:15.837744+00:00,2026-05-15 21:03:17.041090+00:00,3.0200557666666668
Ethical,c4299d89-1ee1-49f7-81bf-d8d27583a28a,64,2026-05-20 17:38:39.492781+00:00,2026-05-20 17:43:09.269055+00:00,4.496271233333333
Ethical,c529e916-323f-4c04-9889-f71c0e7ecffb,29,2026-05-15 20:38:36.138659+00:00,2026-05-15 20:40:19.742718+00:00,1.7267343166666669
Ethical,c7014b96-c30d-4aec-add3-535e46982bf7,35,2026-05-16 19:47:16.682423+00:00,2026-05-16 19:49:19.171956+00:00,2.0414922166666667
Ethical,c7030fac-a9cf-41ff-abda-6bf6c072ac14,12,2026-05-15 16:44:18.240097+00:00,2026-05-15 16:45:14.463714+00:00,0.9370602833333332
Ethical,cc898434-9157-4ad6-9645-248f35e27df0,53,2026-05-16 19:10:22.500995+00:00,2026-05-16 19:14:34.171050+00:00,4.194500916666667
Ethical,ced4a8b7-25f8-4409-8ad7-c1b940f59c6a,44,2026-05-20 18:32:41.294898+00:00,2026-05-20 18:36:59.623362+00:00,4.3054744
Ethical,d32b0b78-1e81-459e-8811-6bcd0c444d51,14,2026-05-16 19:02:29.950315+00:00,2026-05-16 19:03:46.435984+00:00,1.27476115
Ethical,d7071c63-b004-4c2a-93e9-f3318ae13fce,27,2026-05-19 18:03:31.617114+00:00,2026-05-19 18:06:36.112082+00:00,3.0749161333333332
Ethical,da23c500-ce44-4162-9d51-1df28a1e6423,14,2026-05-15 17:46:22.711447+00:00,2026-05-15 17:47:38.395975+00:00,1.2614088
Ethical,dce7607b-ef4a-41f6-b9a0-c7aa34f7df49,9,2026-05-20 19:32:21.105239+00:00,2026-05-20 19:33:43.931802+00:00,1.3804427166666666
Ethical,df2a464a-3860-427a-ada9-7acf9395b7ee,25,2026-05-15 19:21:19.860684+00:00,2026-05-15 19:25:02.024265+00:00,3.70272635
Ethical,e078dc6f-9dc6-4f24-a348-c01acf55b465,22,2026-05-15 13:37:15.705089+00:00,2026-05-15 13:40:54.917976+00:00,3.653548116666667
Ethical,e554205f-3912-44aa-8ab7-347d471c2618,25,2026-05-18 12:12:26.788831+00:00,2026-05-18 12:15:18.091370+00:00,2.8550423166666667
Ethical,ec3432cd-cd7f-4de5-af71-91d78388b426,21,2026-05-19 19:35:03.233980+00:00,2026-05-19 19:37:12.598917+00:00,2.1560822833333333
Ethical,f082633a-fe9b-4546-bbca-71e2832884c8,6,2026-05-20 18:49:17.099165+00:00,2026-05-20 18:50:42.099514+00:00,1.4166724833333333
Ethical,f148aa3e-005c-4ea1-b144-36b898a2bce4,22,2026-05-19 23:55:02.085446+00:00,2026-05-19 23:56:46.495264+00:00,1.7401636333333335
Ethical,f36c6f66-96b9-42a6-bd39-2e634f36de5c,32,2026-05-20 22:41:49.133371+00:00,2026-05-20 22:44:32.934193+00:00,2.7300137
Ethical,f79d5f7e-2d05-40fa-a0e1-5c6fb3cf608d,42,2026-05-19 17:36:13.997230+00:00,2026-05-19 17:39:43.103145+00:00,3.4850985833333334
Ethical,fbf9c242-4bda-464e-ae90-0af5200b739d,31,2026-05-21 19:42:53.898206+00:00,2026-05-21 19:45:21.709651+00:00,2.463524083333333
Ethical,fdd889d4-c31c-4c26-a470-8e1fcec84bec,57,2026-05-15 11:15:09.681791+00:00,2026-05-15 11:19:51.938953+00:00,4.704286033333333
Ethical,ffc54c98-83a0-47d2-9b07-03d094da482a,13,2026-05-17 19:39:14.809427+00:00,2026-05-17 19:40:37.732698+00:00,1.3820545166666667
