Variant,SessionId,TotalEvents,BettingActions,CasinoActions
Dark,0693d27f-e2db-4647-8f2d-58236d5961c5,50,7.0,35.0
Dark,06e27c85-c39d-4253-9afa-5376852200ec,90,21.0,53.0
Dark,08057d8c-5210-4655-907c-a6d76e2d119b,59,18.0,27.0
Dark,0bb4a571-632d-4b79-8770-8aa466772479,58,24.0,15.0
Dark,0c91e2eb-6716-463d-9632-5a8dbdf63a66,54,0.0,50.0
Dark,0d3e0d7c-4823-40d9-855e-c661c6c38c3f,60,5.0,47.0
Dark,100b6604-7604-49bb-856a-5acea363b186,18,10.0,0.0
Dark,1177b591-4c5e-47b0-ac9c-27c598fadbe5,193,25.0,145.0
Dark,1267d0a0-2f4b-4fa4-bad4-026e2232ce82,58,0.0,55.0
Dark,12c7adf9-bacc-4c31-9ac3-581f492ef76a,9,0.0,0.0
Dark,1987be33-5230-432d-a836-23271e250816,31,16.0,0.0
Dark,1a9b02a8-116b-454c-9e9c-9b96d22c6a57,80,24.0,37.0
Dark,1b3cd785-223a-4e2d-a4fd-aa0101fc107d,21,12.0,0.0
Dark,1c06185b-c843-45f6-98d5-b97aaa169e80,109,24.0,67.0
Dark,1c829cc6-5e11-4e87-b05a-ea4dbb4a817e,41,15.0,9.0
Dark,1dccb2af-4755-401e-8f45-4c9115c2592b,81,0.0,75.0
Dark,20cb07a1-9638-4bb0-9cac-1fe5b7dd9e95,38,23.0,0.0
Dark,2397bd18-95b7-4197-bb4d-a7dd2a34ac36,30,16.0,0.0
Dark,23dfb20a-012e-4966-a941-f34f759b50e8,7,0.0,0.0
Dark,2486ecb3-46bb-4605-a2d4-ec25584628f9,12,3.0,1.0
Dark,2861af54-3ad0-431c-920d-8df6cf506b1e,66,6.0,52.0
Dark,2970b23d-88a0-4885-916e-949ae65503c7,95,24.0,50.0
Dark,2b46a507-a15a-42c7-af8f-a7feb90ec1d1,47,10.0,26.0
Dark,2bcd59d8-a6e5-4162-b579-af504edd025a,47,0.0,41.0
Dark,33289fa4-3f41-4b10-b784-fe8c8ba054fa,39,4.0,27.0
Dark,335caf83-83b8-471e-9b96-5428ac2bd027,76,27.0,27.0
Dark,34d8ddac-0b96-46e5-b7ee-c7216bd99439,93,0.0,89.0
Dark,35b798e5-650c-454b-bb33-502bba28fbf2,53,33.0,0.0
Dark,3666bf00-024b-4614-be66-137fabd01f14,36,18.0,0.0
Dark,367e17c4-7bbc-4a14-9396-6a6e4bb703dd,20,0.0,14.0
Dark,3ccd7a66-c2d2-4db8-828b-714d9ad4901a,45,0.0,41.0
Dark,3e12b5c4-6405-4ed6-9c6a-a1bb3576dd98,79,12.0,53.0
Dark,418f140f-3161-466a-96ff-634d3d18fe05,75,24.0,34.0
Dark,42268c7f-79c4-47ab-9ddc-65837c313eea,22,10.0,1.0
Dark,454debc3-f4a0-44a8-b9d9-c85a7c362081,45,0.0,39.0
Dark,4a5f4534-3f44-4f72-b0e6-50b24e142984,32,6.0,19.0
Dark,548800af-943a-4a97-a3d1-b72b44c60a8b,38,25.0,0.0
Dark,5692d744-e534-4685-ba05-4d8b4d6c8560,7,0.0,0.0
Dark,57804e0a-88e9-45de-9c64-8fbe32dcfb51,41,14.0,8.0
Dark,57c1e0ef-4b9e-4b7d-8590-c0e1d7bfe8ca,68,34.0,6.0
Dark,59da4ecd-c32d-4898-b36b-c4380d528771,72,13.0,46.0
Dark,5b741ac8-4d58-4673-9495-0532284c823f,71,0.0,68.0
Dark,60090f22-14e7-45b2-8d41-95dc855fcf6d,80,19.0,48.0
Dark,60757805-6047-4bbe-8b9f-0988e07ac409,6,0.0,0.0
Dark,63cc2ea9-a5be-4b34-b0a5-66a100673496,31,0.0,24.0
Dark,66d62e1c-9de8-427a-8ecc-7b10ba6cf9ef,93,21.0,54.0
Dark,68b72e49-2250-4b57-9e0d-ff3c4f15bac9,56,26.0,8.0
Dark,697cf59c-7310-4686-8e38-f961dd69a7ce,51,10.0,30.0
Dark,6b0149a5-66fe-4352-bdc9-51774970329d,126,40.0,53.0
Dark,6b58e5af-c859-4ac2-a6ec-2f85d063abad,29,0.0,22.0
Dark,6d0225b4-e58c-4787-840f-c7dfe95c0310,102,0.0,99.0
Dark,6d8f0e79-abd4-4fa0-9488-a61239f8ae19,37,4.0,24.0
Dark,6db7f7f5-f8a2-4fcb-9a80-7db520c85c6c,62,15.0,30.0
Dark,70583872-cc8b-4ee6-a53d-3534be597701,31,0.0,27.0
Dark,71522277-5515-4db8-acb7-f31405a7e725,22,12.0,1.0
Dark,7192c335-d66e-45e6-8bd9-7b762d4de9df,30,16.0,0.0
Dark,71df90e1-635c-4672-b27e-7850733c029e,40,11.0,17.0
Dark,7305abf5-5120-4701-936e-19d4e1a32367,17,9.0,0.0
Dark,7ad93564-de73-4b02-993a-1d5cef0b45cb,11,6.0,0.0
Dark,7b231b49-49e3-4fd1-a8dc-6e609a005a6c,36,19.0,0.0
Dark,7f49a933-4d1f-47e4-9817-73dc71550616,51,0.0,47.0
Dark,832b10bc-3614-444d-9d51-555ced2a310b,79,22.0,35.0
Dark,83bacae2-fcb5-4d0e-af7d-243a00d241f0,26,0.0,22.0
Dark,85747586-46c8-4dd7-9e83-a4684ad3db9d,32,0.0,29.0
Dark,87638730-67df-4544-b50a-5ca7fc1bb6cd,26,0.0,21.0
Dark,8ac10922-39b7-429d-8ae6-fc09c87d44c0,85,24.0,39.0
Dark,8ade050d-6aa4-402a-8fc9-71150f691b82,56,5.0,45.0
Dark,8d182451-a94d-4a12-b4fa-4b7ccdc72c17,53,26.0,0.0
Dark,8d8b223a-0524-49dd-b68a-af8d4b455f9a,51,0.0,45.0
Dark,8f859346-8027-47f7-93c6-02a426b79f79,69,20.0,35.0
Dark,945db5c6-9447-4b2f-be6c-af4254320e11,52,5.0,37.0
Dark,9b1abeb2-8614-4ab4-ada0-32608f1dd60e,31,17.0,0.0
Dark,9d50d4b5-39cc-491b-99f1-1b6c61a6e095,92,18.0,50.0
Dark,9f64622b-a11c-4079-9ae3-c46a9460d883,45,24.0,1.0
Dark,a248a164-e5f4-4454-8530-5834343fb69f,32,19.0,0.0
Dark,a5acc18d-1b38-49b0-b20c-74740c854ebe,5,0.0,0.0
Dark,a8ee7678-a87b-4147-b870-14bffaabada6,11,5.0,0.0
Dark,a9381cbc-abd0-483a-8522-7f7899e068ce,41,13.0,15.0
Dark,abdfda56-e714-43f9-9333-4f79088e78b5,41,21.0,1.0
Dark,ad1a9362-4920-4de8-a4d4-4b473fec9ee8,27,13.0,0.0
Dark,ad7e646e-f008-4cc0-b4b7-e916c78cda40,71,21.0,31.0
Dark,ae2e6d01-ed4a-44b4-8862-e9b177c80f96,18,0.0,15.0
Dark,b1bf9899-dbb4-413b-b03a-f49f8557ecca,38,24.0,0.0
Dark,b22d91b4-d84c-43d0-ac49-ba706dac21fc,50,29.0,1.0
Dark,b4cbcb26-e42a-4b51-90dd-44a63dd67d21,144,5.0,128.0
Dark,b6677005-9aa6-4a04-a58f-3aa76767308c,61,12.0,35.0
Dark,be521c00-7176-484e-af15-497e81e1bc90,15,0.0,10.0
Dark,c4a6a60c-0a77-40c8-8092-c9d40fced3c5,12,6.0,0.0
Dark,c55815c8-084b-404c-9f6a-88cec6140acb,56,3.0,45.0
Dark,c600ec62-6581-4275-a44c-25a0deb7b363,40,24.0,0.0
Dark,c6292da2-723a-4710-8582-4e0135a787f7,107,0.0,103.0
Dark,c9458778-68da-4dbd-af2d-eb9922f2dcb3,121,32.0,64.0
Dark,caa18627-3e7a-4e6d-a624-81c7f4413b32,64,10.0,45.0
Dark,cca366fe-753f-45ef-a04e-bf5b6f8cb7ac,48,0.0,44.0
Dark,cccbcae1-5e1d-443e-8a23-853908841578,6,0.0,0.0
Dark,da3970a7-9793-4146-90f9-aec659962815,7,0.0,0.0
Dark,dbec0815-ca5b-40d3-90b4-837a33b3f543,91,20.0,55.0
Dark,dc232752-a6f0-4dfd-862f-ae4af12f3257,247,18.0,207.0
Dark,dd4c475c-cf78-47ad-bcc6-117538d3c20d,97,4.0,85.0
Dark,deea2013-1294-48ca-adc3-f5e13d9e6e89,61,19.0,25.0
Dark,e6750ad9-59df-48bc-bc52-d375ff1b572a,43,22.0,1.0
Dark,e884d62e-8aff-4969-8156-5152ddb25263,3,0.0,0.0
Dark,e92763c1-ea53-4de1-bc56-2603b4603153,38,18.0,4.0
Dark,eb0471a0-aca1-4482-9e46-833207c05b59,201,26.0,151.0
Dark,ee715482-7b06-45b4-a3de-1e6bc1856445,39,20.0,1.0
Dark,efa8fdb9-6997-4509-b477-641ecbc4edf7,22,12.0,0.0
Dark,efed77cf-4a69-4d85-9d0f-4c6939d28bef,41,22.0,0.0
Dark,f06a0030-be63-49ed-8272-409b5fbcb568,53,16.0,24.0
Dark,f16a6289-c4e1-418e-95fa-28b373a4ecaa,40,21.0,0.0
Dark,f5a88305-1e3f-4cae-bc50-39e1303203bd,197,29.0,148.0
Dark,f742e68f-743e-4ef5-bb70-47219cc4a715,18,8.0,0.0
Dark,f891b6f8-a4aa-41c1-8b03-65ce167b03f7,52,11.0,29.0
Dark,f8b900e8-642a-46ad-a84b-c36b6bed4825,27,4.0,16.0
Dark,fb9745cf-9308-4cf7-84bb-648dfc23d115,109,0.0,102.0
Dark,ffc86a84-e9d3-4bc6-ad5c-d2689a8effd7,113,8.0,93.0
Ethical,0bf4e399-c1eb-4185-b5d5-42c1c4abdbcb,25,12.0,0.0
Ethical,1359cb9b-aa35-4bff-b05d-5ec63ad4cf3e,24,12.0,0.0
Ethical,1452e172-2dd6-49c7-b73b-19508e2fda5e,25,11.0,0.0
Ethical,17bfccbe-d06e-4117-94f0-db509d88a4df,7,0.0,0.0
Ethical,18b308f1-b9f4-4342-a11f-8231031cbd88,45,21.0,0.0
Ethical,18ee92d6-9432-4c14-bc39-4748c7d96cdc,24,0.0,18.0
Ethical,1f430a43-b239-4f72-bb5a-6a786677b1a8,28,0.0,23.0
Ethical,20f65e99-8217-4b1b-9fc7-1df4dbf2a66f,28,10.0,8.0
Ethical,21a0f24f-9cd1-41f9-a0ef-bfc8064c251c,28,0.0,25.0
Ethical,22859acb-5c55-453e-9af3-9278d3c7e61e,34,6.0,18.0
Ethical,22cd2437-0fb4-4007-b546-cd6db951c591,32,17.0,0.0
Ethical,23559791-3987-44e5-b917-06cf7d405f3b,11,5.0,0.0
Ethical,241b2e2f-6971-4467-99c3-229defcd095b,17,5.0,4.0
Ethical,244568b7-62c6-4cd2-8b43-b842c20f623d,38,5.0,26.0
Ethical,2464ec8a-8b02-4e4f-822f-d94bbc5e2681,69,18.0,35.0
Ethical,256dd429-16cb-4433-a658-dcaba416f58a,62,31.0,0.0
Ethical,257e6d22-f572-43e5-b819-57f8eaea6484,33,17.0,0.0
Ethical,2b824fa2-f9c7-4794-84dc-d1dcbd62c877,14,0.0,8.0
Ethical,2dd2ac9b-a530-4f77-af21-5f689bb8ddfa,29,16.0,0.0
Ethical,2e72dd6f-83d3-4522-a55b-030a52d14a30,19,5.0,4.0
Ethical,3306d291-d6fd-4516-9d0a-2ce6e70e9ac6,16,5.0,0.0
Ethical,332135f8-4ad6-4268-b177-517bf0578002,51,28.0,1.0
Ethical,341bedb4-caba-4883-8cd6-0fbdacf5e479,14,6.0,0.0
Ethical,3faf0508-56ab-4875-9f39-dfa7e79a6a6c,20,10.0,0.0
Ethical,3fe8b117-b310-49e2-9f21-485d731ad154,10,0.0,0.0
Ethical,46ec6570-6e60-413a-aa2e-4bdf7e84a330,28,10.0,1.0
Ethical,4abe8216-5003-44db-909d-ae704c6bfcdf,52,28.0,0.0
Ethical,4ce49073-e7eb-4406-86af-cb640d2e3e8f,16,6.0,0.0
Ethical,4d08ecca-54a3-43e0-aa8e-6fa864265f9f,27,5.0,10.0
Ethical,4ee53f1c-9ed3-498e-9a6f-c1e5845f5f29,27,10.0,1.0
Ethical,5262a330-6826-4eda-9691-b3f19f8d9641,20,11.0,0.0
Ethical,5344f4df-7e12-486f-81a9-c7a74d3a1637,35,16.0,0.0
Ethical,634b2c8e-0ff9-4d85-b269-eca93050df61,32,15.0,0.0
Ethical,640e75f9-ee2f-4899-a475-3d2f5f82c8f8,15,6.0,0.0
Ethical,684b1622-9d1d-4f1d-8fce-8dee6330cd0e,10,0.0,0.0
Ethical,6b549a23-0b55-4fd3-b390-fb6cb2e49b37,10,0.0,0.0
Ethical,6d3b20e5-618e-4a8c-92b2-71bd81471e86,56,27.0,0.0
Ethical,6f990a87-03cc-4b7e-8ca0-bd86743f7553,50,0.0,44.0
Ethical,7d903d68-3242-4809-8631-1631701d31b5,23,5.0,7.0
Ethical,801a3680-e7ec-4a61-80ef-61408fb36b6c,14,6.0,0.0
Ethical,8124cab8-f7e4-4fc8-953a-8b3a477c4542,10,0.0,0.0
Ethical,81669f1b-adcd-4663-8e3e-908732f6ff0c,18,5.0,1.0
Ethical,8aa00d17-7066-4eff-8b66-db1c4e11494c,37,0.0,31.0
Ethical,8cc8e045-2278-4a17-8d9b-bc976134ff97,6,0.0,0.0
Ethical,8d10d352-738d-4e60-ba21-6132643f839a,25,10.0,1.0
Ethical,909bca16-60ce-4abd-9323-598919903452,26,11.0,1.0
Ethical,9483822a-25d1-4e28-9660-7e4e0ad13c66,6,0.0,3.0
Ethical,9c2442f3-d060-455c-8619-429fc1f636be,33,17.0,1.0
Ethical,9f31160f-0a53-4afb-8830-8caab58906d2,15,5.0,0.0
Ethical,a4e3ec6a-4e5d-4d9c-bebc-95a58ea051e5,7,0.0,0.0
Ethical,a8615ba1-c620-4219-91ae-0ca9cc1ebf96,18,6.0,1.0
Ethical,ab07a362-8810-4d31-a93c-59145c653c52,69,32.0,0.0
Ethical,ad6dcef0-63c1-48a9-b48a-fdca87f34d61,31,0.0,26.0
Ethical,ade8dbcb-623c-4b30-b74b-5feb4ffa3d14,24,12.0,0.0
Ethical,afe25a89-180f-47d5-884b-571fbb0ed58e,15,5.0,1.0
Ethical,b238fc78-5738-4666-9973-e323b785eaa1,14,0.0,11.0
Ethical,b3dce006-accb-4498-91b6-9fce7b7a0304,72,11.0,45.0
Ethical,baf69c81-1c3d-4eda-9f23-d7a7d7838306,22,0.0,17.0
Ethical,c4299d89-1ee1-49f7-81bf-d8d27583a28a,64,25.0,14.0
Ethical,c529e916-323f-4c04-9889-f71c0e7ecffb,29,0.0,23.0
Ethical,c7014b96-c30d-4aec-add3-535e46982bf7,35,6.0,22.0
Ethical,c7030fac-a9cf-41ff-abda-6bf6c072ac14,12,5.0,1.0
Ethical,cc898434-9157-4ad6-9645-248f35e27df0,53,27.0,0.0
Ethical,ced4a8b7-25f8-4409-8ad7-c1b940f59c6a,44,21.0,0.0
Ethical,d32b0b78-1e81-459e-8811-6bcd0c444d51,14,5.0,0.0
Ethical,d7071c63-b004-4c2a-93e9-f3318ae13fce,27,11.0,0.0
Ethical,da23c500-ce44-4162-9d51-1df28a1e6423,14,5.0,1.0
Ethical,dce7607b-ef4a-41f6-b9a0-c7aa34f7df49,9,0.0,5.0
Ethical,df2a464a-3860-427a-ada9-7acf9395b7ee,25,6.0,10.0
Ethical,e078dc6f-9dc6-4f24-a348-c01acf55b465,22,8.0,0.0
Ethical,e554205f-3912-44aa-8ab7-347d471c2618,25,11.0,1.0
Ethical,ec3432cd-cd7f-4de5-af71-91d78388b426,21,4.0,7.0
Ethical,f082633a-fe9b-4546-bbca-71e2832884c8,6,0.0,0.0
Ethical,f148aa3e-005c-4ea1-b144-36b898a2bce4,22,9.0,0.0
Ethical,f36c6f66-96b9-42a6-bd39-2e634f36de5c,32,15.0,0.0
Ethical,f79d5f7e-2d05-40fa-a0e1-5c6fb3cf608d,42,23.0,0.0
Ethical,fbf9c242-4bda-464e-ae90-0af5200b739d,31,17.0,0.0
Ethical,fdd889d4-c31c-4c26-a470-8e1fcec84bec,57,33.0,0.0
Ethical,ffc54c98-83a0-47d2-9b07-03d094da482a,13,6.0,0.0
